ID,STORE,LABEL,SCORE,YEAR,MONTH,DAY,CONTENTS
10,애플,부정,5,2019,4,1,"친선개임에 대하여 하고싶은 말이 있습니다.친선게임을 하게 되면 모든 캐릭터들의 레벨이 10으로 고정되는데 차라리 방장이 각각의 플레이어의 레벨을 1에서 10까지 고를 수 있게 해주는 방식이 더욱 재밌을 거라 생각됩니다. 그리고 개인적인 바람이지만 젬 그랩, 바운티, 하이스트 등의 3대 3으로 즐기던 맵들을 친선게임에서는 1대 1부터 5대 5로 즐길 수 있게 해주셔서 하나의 맵을 다양하게 플레이할 수 있게 해주셨으면 합니다. 브롤스타즈 정말 재밌게 하고 있습니다. 슈퍼셀 감사합니다!!"
143,애플,부정,5,2019,4,6,"제발티밍좀제발 티밍좀 슈퍼셀 고민하고 있는거 알고있지만 솔로쇼다운 상대적으로 많이 하는이유가 솔직히 3:3 랜덤매칭으로 이길 확률? 500대에선 극악이고 이번 새로나온 시즈모드 거의 안함 이것또한 랜덤매칭 이기때문에 그래서 솔로쇼다운을 하는데 그냥 전부 티밍임 전부 돌고있음 미친놈 들처럼 팽이돌듯이 쉘리 같은 캐릭터가 사용할 수 가 없음 쉘리는 티밍도 안껴주니까, 결국 쉘리 60개 정도 떨어지고 나도 원거리 캐릭 할 수 밖에 없음 ㅜㅜ 진짜 이 엿같은 순환고리좀 끊어주세요 슈퍼셀들아"
174,애플,부정,5,2019,4,13,크로우뽑고싶어요안녕하세요. 브롤스타즈 출시때부터한 시람인데요. 제가 중간에 한달정도안하긴했는데 브롤러가 10개밖에 없어요. 저보다 덜한 친구들도막 영웅이나 신화 하나씩있고 왠만해서는 다있는페니도없어요. 저한테만 보내주라는게아니라 브롤러 뽑힐 확률좀 올려주시면안되나요. 몇달동안 똑같은캐릭터만쓰니까지루해져서 새로운캐릭터좀쓰고싶어요. 부탁드립니다
182,애플,긍정,5,2019,4,15,브롤스타즈 게임 내 감정표현이 가능한 이모티콘 업데이트 요구안녕하세요 브롤스타즈를 굉장히 재밌게 플레이하고 있는 유저입니다
102,애플,부정,5,2019,4,13,재밌게 플레이 해왔는데가끔씩 렉 걸린듯이 방향키 조작이 안먹히고 캐릭터가 멈칫대는 현상이 있습니다. 그리고 와이파이 표시 뜨면서 진짜.. 답답해서 데이터 켜놓고 하는데 유난히 브롤스타즈 할때만 문제가 있네요. 그냥 반응 자체가 느려요 방금은 렉걸려서 화면 멈췄다가 돌아오니까 이미 죽어있네요;;;
133,애플,부정,5,2019,4,5,가장 시급한 문제점입니다일부 중국인 일본인들은 한국 유저만날시 가만히 멈춰있습니다 트로피 등락폭이큰 로봇전에서 그런사항이 심하게 나타납니다 해당유저를 차단하거나 신고할수 있는 신고기능이 개선되어야 할것같고 한번씩보면 트로피 개수 반영해서 팀을 만나게 해준다고 하는데 이제막 시작하는 유저들을 팀원으로 배치시켜주는듯한 기분입니다 무슨 손가락 한개로 겜하는듯한 유저를 많이 만나요
262,애플,부정,5,2019,4,1,진짜 꼭 보시라고 5점 남깁니다. 1 점도 아까움매칭할 때에는 패작러만 걸리고 혼자 하려면 존버충들만 많아서 현질빨 아니면 제대로 하기도 어려운데다가 와이파이 빵빵 터지는데 슈퍼셀 특유의 그 네트워크 문제는 고칠 생각 안 하는겨?
463,애플,부정,5,2019,4,4,"양심선언합니다!닉명 빨갱이 사냥꾼입니다. 처음에는 기대감 넘치는 마음으로 플레이 하다가 넘치고 넘치는 트롤, 빈약한 서비스와 고의 트롤의 대처방법이 전혀 없는 이런 쓰레기 게임에 실망해서 당하고 만 있기 싫어서 저도 전문 트롤러로 전향했습니다. 닉넴도 일부러 빨갱이 사냥꾼으로 바꿨고요. 여러분 즐겜 하십쇼."
491,애플,긍정,5,2019,2,28,"클래시 로얄,클래시 오브 클랜에 이어서 너무 재밌어요!처음에는 아 머지? 하고 딱 깔아봤는데 너무 재밌고, 상황마다 다 다른 전투를 즐기고 여러 캐릭터도 계속 나오니까 재밌더라구요 사촌동생이랑도 하고 여러가지 모드를 하다보니 정말로 지겹지않고 재밌더라고요!! 이게임 추천 합니다!!"
394,애플,복합,5,2019,4,15,브롤스타즈를 즐겁게 하는 유저입니다안녕하세여 게임을 만들어주셔서 정말 감사합니다 정말 재밌게 하고 있어요 그리고 트로피 올리는 승부욕 때문에 계속 하고 있구요 근데 한번 씩 하다가 나가는 사람들 때문에 트로피가 떨어지게 되면 저도 게임을 하기 싫어져요 하다가 나가는 이런 사람들은 제재가 필요하다고 생각합니다
581,애플,복합,5,2019,4,15,닉네임 변경권 무료지급 요청업데이트 이전에는 태그를 이용하여 닉네임 색을 변경할 수 있었습니다. 하지만 이제는 자체적으로 색입히기가 가능해져 닉네임에 태그가 나오개 되는 일이 생겼습니다. 저는 1회 무료로 닉네임을 바꾸었습니다. 태그가 있는것이 불편할 수 도 있는데 이것을 고치고자 닉네임 변경권을 무료로 하나 더 지급해 주셨으면 합니다.
593,애플,부정,5,2019,4,6,이벤트 모드(로보럼블)에서 버그가 있는것 같아요스샷도 찍어놓긴 했는데 일반몹이 20마리 가까이 떼로 나와서.. 1분만에 게임이 끝났는데 버그인지 확인 부탁드립니다.. 티켓 다 날렸어요
594,애플,부정,5,2019,4,15,못하는새끼들때문에암걸리겠네못하는유저들 외국유저들땜에 돌아버리겠네 진짜 폰던지고싶습니다 개선사항이너무도많아요 몇판하다지루해지고 암걸리게 게임안하고 가만히있는다던가 일부러그러는건지 뭔지모르겠지만 신고도 있었으면좋겠어요
770,애플,부정,4,2019,4,11,개꿀잼이긴한데렉 걸려서 게임을 진행할 수 없어 강제종료하고 다시 들어갔는데 아이디가 사라지고 처음 시작할때 튜토리얼이 나와서 당황했습니다. 원상복구 부탁드려요 ㅠㅠ
771,애플,복합,4,2019,4,15,다 재밌는데 신고기능좀 추가해주세요브롤스타즈 최근에 시작해서 너무 재밌게 플레이하는데 요새들어서 사람들이 제재기능이 없다보니까 젬그랩맵에서 보석을 9개먹고 일부로 적팀진영에 가는유저를 보았는데 신고도못하고 참 애매하네요.. 신고기능좀 만들어주세요..!
794,애플,긍정,5,2019,4,7,ㅎ안녕하세요 저는 브롤스타즈를 재밌게 즐기고 있는 유저입니다 다름아니라 사전예약으로 얻을 수 있는 한정판 스킨 쉘리를 갖고싶습니다. 제가 브롤스타즈를 늦게 알게되어서 한정판 쉘리를 얻지 못하였습니다 ㅜㅡㅜ 제발 이점 양해하셔서 한정판 쉘리를 다시 얻을 수 있게 해주십시오
825,애플,부정,4,2019,4,4,소리문제아이폰xr로 플레이하고있는유저입니다
841,애플,복합,4,2019,2,28,렉..수퍼셀님 하다하다 참지 못해서 리뷰남깁니다이 게임 너무 좋아요.근데 한가지 단점이 있습니다.뭐냐하면 바로 렉인데요.제가 렉 때문에 너무 많이 졌습니다.그리고 와이파이는 충분히 있는데 와이파이 안된다고 표시만 뜨고..너무 불편하네요.다음 업데이트에 렉 고쳐주세요
745,애플,부정,5,2019,2,28,5900원 결제관련 이벤트용결제를 어제하고 오늘 이렇게 두번했는데 메가상자 총 3개를 까보지도 못했습니다
894,애플,복합,5,2019,2,28,재미져요👌넘 재미있고 다좋은데 랭크가 높아질수록 파워업이 막강한 사람들이 많고 경기에서 지면 이긴 점수랑 똑같이 올라갔다 내려갔다해서 조금 차이점을 두시면 훨씬 잼나게 할것같아요
903,애플,부정,5,2019,4,8,짜증나는 넘들 이거나 보거라니들 겜에 안맞는다고  여기서 지랄떨지말고여 직접 전화해서 한번 똑같이 말해보세요 님들아 지들 캐릭 안나온다고 슈퍼셀 욕하고있어 니들이 잘나올때는 언젠가 있겠지 니들이 뭐나왔는지ㅈ도 안궁금하니까 제발좀 닥치세요
993,애플,긍정,5,2019,4,15,진짜 인생게임게임시간이 길지도않아서 간단히 할수있으면서 조작법과 브롤러 하나하나의 특징들이 너무 귀엽고 깜찍해요 인생게임입니다 오래오래 함께했으면 ㅠ
1004,애플,긍정,5,2019,4,15,아쉬운점타 게임처럼 본인의 등급을 올리거나 낮추는 경쟁시스템이있었으면 좋겠어요~ 브론즈 실버 골드 등급 등~
1024,애플,부정,5,2019,4,9,"새 기기로 옮겼는데 계정이 안가요이번에 아이폰 xs로 바꿨는데 그 전에 있던 핸드폰에 있는 계정이 현재 핸드폰으로 안옮겨집니다, 가이드를 봤는데 설정에서 연결안함을 눌르래서 설정에 가봤는데 그런 버튼이 없더라고요 로그인도 안되고 로그아웃도 안돼요, 수정 부탁드려요"
1025,애플,부정,5,2019,4,15,듀오 접속 오류듀오에서 만난 같은 팀이랑 호흡이 잘 맞아서 또 같이 시작하면 이상하게 서버에 접속이 잘 안된다고 하네요 첫판은 정말 서버 괜찮았고 와이파이도 풀입니다
1144,애플,부정,5,2019,4,5,아이폰 유저 트로피 버그좀..쇼다운 하면 1등해서 트로피7개 먹어야하는데 1개씩 올라가거나 5개씩 올라가는 경우
1145,애플,부정,4,2019,4,7,브롤러 나오는 확률 좀 높여주세요다 좋습니다 제가 운이 안좋은건지.. 제시가 마지막으로 받은 캐릭터네요 지금은 775트로피인데 제가 트로피 200 올린지 1달 반됬네요.
1146,애플,부정,4,2019,4,9,캐릭터밸런스캐릭터간 밸런스가 좀 더 수정되었으면 좋겠네요 전설급이 전설같지가않고 특히 크로우는 낮은 데미지와 채력이라 접근하는 특수기술을 쓰고 날라가도 의미가없이 죽네요 체력을 흡수하는기술이나 순간 무적같은게있어야 유지력이 좋을거같아요
1165,애플,부정,5,2019,4,15,일일특가 메가박스 하나 없어짐일일특가로 보석80개로 메가박스 2개를 구매했는데 하나 까고 실수로 홀드를 눌러서 다시 들어가니까 하나가 없어졌습니다! 해결 부탁드립니다... 게임은 진짜 재밌습니다!
1185,애플,부정,5,2019,4,15,이름이름을 지을때 <c2>이런거 해서 색깔을 바꿀 수 있었는데 업데이트 이후 적용이 안됩니다. 빠른 수정 부탁드려요
1208,애플,부정,5,2019,4,12,난 문제없는디?리뷰중에 문제가 많다는 리뷰가있다군요 그것은 서버문제가아닌 개인의 문제같습니다 그러니 신경쓰지마세요 이게임 저엉말 재미있게 즐기고있습니다 따봉 두개드립니다!
1325,애플,긍정,5,2019,4,15,ㅋㅋㅋ 위에 장문쓰신분님이못해서 트로피떨어지는거에여 아니면 핸드폰이 구리거나ㅠㅠ 거지 불쌍 ㅠㅠ 그냥 실력이 안좋으면 접으세요 전 하루에 딱 100점씩만 올리는데
1534,애플,부정,5,2019,4,15,꿀잼임 그냥좀 아쉬운 점은 서버문제 무과금은 브롤 획득어렵다는 점 한국섭만 따로 개설했으면 좋겠다는점?
1650,애플,복합,5,2019,4,7,와이파이..다좋은데 와이파이 문제있다는 표시가 뜨면 버벅거리면서 게임이 진행되지 않습니다...;;
1480,애플,부정,1,2019,4,5,"제작사가 슈퍼셀인지 의문이드는겜그래픽자체는 슈퍼셀이만들고 게임은 중국에서 만든듯한 느낌, 게임이 팀게임인데도 팀내 상호작용자체가 없으니 노답, 슈퍼셀이 1:1대전 게임쳐만들고나서 만든게임이라 그런지 팀게임의 가장 중요한 커뮤니케이션기능을 까먹는 빡대가리회사일줄은 몰랐다 coc에서 클랜전에서 클랜내부의 대화를통해 더더욱재밌고 지능적인플레이가 가능했는데 이게임은 전작에서 이모티콘표시로 대략적인 의사소통하게도 했으면서 더더욱의사소통이 중요한겜에 핑기능조차 넣지않음 진짜 중국한테팔리더니 중국했네 별한개도아깝다"
1514,애플,복합,2,2019,4,2,확률 바꿔주세요안녕하세요 트로피가 1500인 플레이어 입니다.높진 않습니다. 근데 제 친구들은 저보단 낮은데 영웅이나 신화나 전설은 셋중에 하나라도 있습니다 아니면 더 많죠 근데 저는 그중에 하나도 없습니다 새 캐릭터 뽑은지 벌써 2달이 지나갔죠. 그래서 불공평하다고 생각합니다. 확률을 좀 올렸으면 합니다. 저는 휘귀하고 초휘귀 빼곤 전설이나 신화나 영웅이 하나도 없습니다.
1515,애플,복합,5,2019,4,13,특별 이벤트를 더 많들어 주세요브롤스타즈가 너무 재밌는데 맵과 캐릭터를 더 만들며는. 사람들이 많이 하지 안을 까요.                       (맞춤법 틀려도 바주세요)
1758,애플,부정,3,2019,4,7,재밌긴한데요버그판 쓰는 애들도 많고 다른게임들은 잘만 되는데 브롤스타즈만 와이파이가 안좋다고 떠서 계속 렉걸리고 하다가 죽고 트로피 다̆̈ 떨어지고 계속 그러네요 좀 고쳐주세요 ㅠㅠ
1759,애플,부정,5,2019,4,11,고쳐주세요유성우가 떨어지는 맵에서 탑5인데 내가 가장 파워큐브가 많았는데 게속 나한테만 유성우가 떨어져서 죽음 골고루 떨어자게 교쳐주세요 게임지체는 재미있어요~~^^
1812,애플,부정,5,2019,4,2,잼그랩오늘 친구끼리 잼그랩하고 있었는데 페니가 10개를 가지고 있었는데 저희 셋이서 페니를 죽이고 끝난줄 알았는데 그냥 그대로 10개가 되어 있더라고요 이 버그좀 고쳐주세요
1926,애플,긍정,5,2019,4,6,너무좋아요개임 도 쉽고재밌고 부롤러 가 잘안나왔섰는대 갑저기 신화 도얻고 전설 크로우꺼자얻었네요 너무재밌습니다!!~
1945,애플,부정,4,2019,4,1,와이파이 문제좀 고쳐주세요거의 게임을 할때마다 와이파이가 게속 안된다고 뜨네요.....와이파이는 빵빵하게 되고 있는데 와이파이 안됀다고 자꾸떠서 게임이 안돼네요. 서버문제인건지 게임이 멈추고나서 다시 시작하면 죽어있고... 좀 고쳐주세요
1946,애플,부정,5,2019,4,6,"&:&:&:&&:!!,$/&$/(-&@/):$:사람들이 막파워큐브를 제가깨면 사람들이   먹고  그것도 모자라서 죽이기까지도 해요       패치좀 해주세요"
2219,애플,복합,1,2019,4,11,랜덤큐잘하는 사람들을 보면 랜덤 매칭을 돌리는 사람이 없다. 왜냐하면 랜덤으로 돌리면 이길 수가 없기 때문이다. 특히 시즈팩토리 모드가 제일 심각하다. 나사 운도 필요하고 팀원운도 필요한데 나는 항상 궁극기를 적한테 채워주고 자꾸 죽는 팀원만 만나기 때문이다. 근데 나는 같이 할 사람이 없고 같이하는 친구는 너무 못 한다. 빨리 랜덤큐는 랜덤큐 끼리 매칭되고 팀을 구해서 하는 팀은 그 팀끼리 매핑 될 수 있게 개선 되면 좋겠다. 지금 이 문제 때문에 트로피 2000은 떨어트린 것 같다.
2293,애플,긍정,5,2019,4,9,무한모드이게 공격이 3번 밖에 못하니까 아쉽고
2400,애플,부정,5,2019,4,12,스트레스아니 애들이 너무잘해서 트로피계속깍여서 스트래스땜에 병원 갔다왔습니다 맞는 레벨에 애들좀부탁해요재밌어용
2418,애플,부정,5,2019,4,8,크로우전설이 맞나 싶을 정도로 약합니다 쇼다운을 돌릴 때 마다 죽습니다 그리고 크로우 스타파워 좀 버프해주세요
2833,애플,부정,1,2019,2,28,솔직리뷰아니 저만 제가 130트로피 영웅을 돌렷는데 우리팀은 왜다 10트로피고 상대팀들은 다100트로피나오네요 그리고 저계속 에이랑 같이 되는것같은데요 그리고 시즈팩토리 상대팀기지앞에만 나사 나오면 어쩌자는 곱니까 하나도 못먹어요 상대팀만 먹을수있고 마음만 같아서0점줘도 상관없는게임임
2629,애플,복합,4,2019,4,10,거래 취소 좀 해줘요재밌는데 거래를 잘못 눌렀는데 계속 거래 대기중? 그렇게 뜨면서 몇시간이 지났는데 그 시계 모양이 계속 그래서 좀 취소좀 해주세요 슈퍼셀님
2653,애플,복합,5,2019,4,7,브롤 재밌는데......제 생각인데 이제4500점이 다되는데 브롤러가 16개 밖에 없는 실화 입니까?
2681,애플,부정,5,2019,4,15,업데이트업데이트를 하라고 해서 애플 스토어에 들어갔는데
3086,애플,부정,1,2019,2,28,"환불요청드립니다.2월27일오후6시40분경 메가상자x2 보석170 5,900원 결제하였는데 결제 후 메가상자 및 보석이 안들어왔습니다. 결제가 안된줄 알고 또 다시 결제했는데 결제가 안되고 계속 메가상자도 안들어왔는데 2월28일 오전6시45분에 11,800원이 결제되있네요 환불요청드립니다."
3031,애플,복합,4,2019,4,15,와이파이 잘못이 아니다와이파이 연결 돼있거든요 근데 연결오류라면서 안들어가지는서 고쳐주셨으면 감사합니다
3072,애플,부정,1,2019,4,8,할게 못 되네요안그래도 브롤러 얻기가 너무 힘들어서 고민하던 찰나 접속했더니 갑자기 튜토리얼이뜨고 여태까지 했던 정보가 다 초기화 됐네요 ^^ 바로 삭제했습니다 번창하세요
2860,애플,부정,1,2019,2,28,ㅇ아 진짜이겜은할수있는게임이아님 진짜 왜 매칭을 이따위로밖에 못해주는지 모르겠음 리얼로별1개로 겁나아까운데 최하가 이거밖에없다 어떻게 게임을 이따위로밖에 못 만드는지 3vs3돌려서 팀때문에21판연속으로짐 트로피는100개정조떨어짐
7053,애플,부정,1,2019,4,6,.그냥 렉걸리고 중간에 나가지고 와이파이 갑자기끊기고 트로피는 에휴.....
6287,애플,부정,3,2019,2,28,왜 제 전폰은 안들어가지나요?제가 지금 쓰고 있는 폰은 잘 돼는데 전폰은 안돼유ㅜㅜ
7215,애플,부정,1,2019,4,15,"이번업데이트 이후 렉이 너무 심하네요,,업데이트 하고 들어가니 렉이 너무 심하네요,,"
6426,애플,부정,1,2019,4,13,내캐릭 사라졌어요어제 보석59개로 이벤트 캐릭샀는데
7372,애플,부정,5,2019,4,15,업데이트 어케함?업데이트 어케함?
6622,애플,부정,1,2019,4,12,와이파이아니 내가 게임하고 있는데 계속 와이파이 뜨는데 와이파이 연결 표시는 최대인데 이거 고처주세요
5825,애플,부정,4,2019,2,28,어제 메가박스가 포함되어있는 아이템을 2개 샀는데요..어제 메가박스가 포함되어있는 아이템을 2개를 구매 했는데요
7624,애플,부정,1,2019,4,15,렉 개쩔어업데이트 할때마다 렉이 더 쩌는듯.....
8774,애플,부정,1,2019,4,8,개가틈걍 다운 받지 마세요
5916,애플,부정,3,2019,2,28,트로피트로피 2200개에서 네트워크땜에1986개 됬어요 브롤스타즈 데이타 괴물 이에요
6785,애플,부정,1,2019,4,5,폰을 초기화했더니 전 계정이 안되네요전 계정 다시 쓰게 해주세요
6786,애플,부정,1,2019,4,15,개망겜매칭이 답 없다 걍3대3 지워라 아니면 짱깨들을 금지시키건가
6044,애플,부정,1,2019,2,28,없음제발 테스트 좀 하고 내보네세요. 업데이트하면 꼭 버그가 한개씩 생겨요ㅠㅠ
6865,애플,부정,1,2019,2,28,렉업데이트 하더니 게임이 계속 렉걸림 이거 뭐져 ??
7784,애플,부정,1,2019,4,9,와이파이이게임 뭐냐 유튜브는 잘틀어 지고 와이파이 문제없는데 이게임은 맨날 와이파이 문제 뜸
6990,애플,부정,1,2019,4,14,상자에서 브롤러나오는것제가 아는동생은 이제 1000넘었어요
5457,애플,부정,3,2019,4,10,렉 뭔가요...와이파이 LTE 빵빵해도 렉 자주 걸리는건 서버 문제 아닐런지?
3479,애플,부정,1,2019,4,10,서버Skt 이용자인데 모바일 데이터나 skt와이파이에서는 게임 진행이 힘들 정도로 지연이 발생합니다. 기기문제라고 하기에는 모바일 핫스팟 등의 타 통신사 인터넷에서는 매우 매끄럽고 정상적으로 게임이 진행됩니다.
4122,애플,긍정,4,2019,4,4,조이스틱이 이상해요조이스틱을 조적하면 캐릭터가 갑자기 멈추거나 상대를 공격하면 조이스틱이 이상한 위치에 가있습니다.
4833,애플,부정,1,2019,4,13,삭제했습니다티밍부터가 너무 많고 쇼다운물약 모드라던지 너무 빡치네요 티밍 없어지면 다시 게임 플레이한다고 고민은 해보조
5556,애플,부정,3,2019,2,28,등급3이게 업데이트를. 해야돼서 업데이트를 할수가없어요
4860,애플,부정,3,2019,4,8,개선사항 세가지 부탁드려요1. 조이스틱 방향 이상
4934,애플,부정,1,2019,4,2,결제가 더럽게 안되네요무슨 결제가 하려고 하면 안되고 떠도 하면은 대기중 대기중만 뜨고 짜증나서 개임 못하겠네요 팩 기간도 하루밖에 안남있는데
5689,애플,부정,1,2019,4,15,렉 ㅡㅡ땨문에 게임을 못하겠어요여기에 쏟아부은돈이얼만데 짜꾸 렉걸려서 트로피만 떨어지고 못해먹겠네요
3631,애플,긍정,5,2019,4,15,제발요제발크로우 상향업그레이드 제발요 왜전설인지 도무지모르겠습니다
4251,애플,긍정,1,2019,4,12,완전  극혐아니  역시나  슈퍼셀은 운빨이지  제대로 된  게임이 하나도 없어  저번 로얄도  캐릭 빨에다가  운빨이어서
4252,애플,부정,1,2019,4,15,"유료게임,????업데이트하라고해서눌럿는데 비밀번호입력하구 결제창으로넘어가니까 12,000 결제되네요? 뭐죠?"
4295,애플,부정,5,2019,4,15,3ㄷ3이랑 듀오는 친구랑만 하냐트롤들 신고해서 영구정지좀
5075,애플,부정,1,2019,2,28,슈퍼셀 정신 차리세요무슨 입이 안들어가지는 경우가 있나요 ㅋㅋㅋㅋ
5107,애플,복합,1,2019,4,7,문제점재미있지만 고이 트롤 유저 신고하는게 바로 나타나 있지 않네요 그때그때 신고할 수 있게 해드리고 팀으로 만나지 않기 만들어 주세요
4395,애플,부정,3,2019,4,11,닉넴 어케해요?ㅠㅠㅠㅠ저겨 제가 닉을 바꿨는데 실수로 잘못해서 이상해졌어요ㅠㅠㅠ다시 못바꾼다는데 어케해요?????ㅠㅠㅠㅠㅠㅠㅠㅠ일려주세요 지금쓰고이쓰고있는 닉은”워너블 미소”입니다!!보라색 이구여 꼭 알려주세요ㅠㅠㅠㅠㅠㅠㅠㅠㅠㅠㅠㅠㅠㅠㅠㅠㅠㅠ
3789,애플,부정,1,2019,4,15,업데이트 하는데 왜 돈이나가나요?업데이트 하려는데 계속 지불이 안돼서 카드에 잔액을 넣었는데 갑자기 돈이 8.400원 정확이 나가네요 빠른 답장 부탁드립니다 화가 너무 납니다
3825,애플,복합,5,2019,2,28,역시 갓퍼셀브롤스타즈도 갓겜이네요 하지만 티밍이 조금 문제라는 생각이 드네요
3843,애플,부정,5,2019,4,9,쇼다운에 관에서제발 쇼다운 스쿼드 좀 만들어주세요 스쿼드만 있으면 완벽합니다.
3292,애플,부정,3,2019,4,15,신고기능패작을 하거나 고의 트롤을 하는 사람들이 너무 많습니다. 신고기능을 추가하여 신고 누적이면 정지되는 시스템이 추가되었으면 좋겠습니다.
4527,애플,부정,5,2019,2,28,ㅇ아니 왜 업데이트가 안되죠.. 수정해주세요
5248,애플,복합,1,2019,4,15,패치후메뉴화면 이런곳은 괜찮은데 게임도중 와이파이 모양뜨면서 렉겁나 심함 ㅡㅡ 패치후에 갑자기 왜그럼??
4551,애플,부정,1,2019,4,5,게임탙퇴 방법 알려주세요게임을 영영 지우는 방법은 없나요?어플을 지우고 다시깔면 전에 게임내용이 그대로 살아나는데 완전 삭제 불가능한가요?
4553,애플,부정,1,2019,4,15,왜이래진짜 미쳣나 와이파이 개빵빵한데 계속 와이파이 안뜬다고 오류나서 움직이지도 않고 버퍼링 오지게 걸리고 서버 관리가 안되서 그러나;; 업데이트했더니 더 안좋아짐;
5305,애플,부정,1,2019,2,28,역겹다1년이 지났는데 게임 최적화도 안됐고 밸런스 문제도 심각한수준이 아니라 역겨울수준임 캐릭터 확률도 역겹고 슈퍼셀도 역겹다 그냥 꺼져라
5308,애플,부정,1,2019,4,11,팀매칭팀매칭시스템이 이게 뭐죠? 상대랑 저희팀이랑 50차이나고 실력도 너무 차이나는데 브롤러 점수 차이에서 이렇게나는데다가 전체 트로피차이도 많이나네요 ㅡㅡ
3362,애플,부정,1,2019,4,5,"당황 ...분명 5분전만 해도 잘했는데 다시 켜서보니 게임 계정이 날라갔는지 새로 시작하네요 ,,,,, 돌려주세요 ,,,,,,, 이게 무슨 말도 안되는 상황인지 ,,,,?"
5369,애플,부정,5,2019,4,14,다운목록다운목록 삭제부탁드려요 용량이없네요
4004,애플,부정,3,2019,4,2,집에 와이파이 이상 없는데 왜이러나요아니 집에 와이파이 문제 없는데 계속 안움직이고 뒤로가지는고 와이파이 마크뜨는데 와이파이 이상 없어요.이것때문에300점 잃었는데...빠른 시간 안에 고쳐주세요
4005,애플,긍정,5,2019,4,8,시즈팩토리 없애주시고 다른 걸로 대체해부세요시즈팩토리 이 미친 개임 아닙니까
4628,애플,부정,1,2019,2,28,유성우쇼다운 모드에서 이번 업데이트로 유성우가 생겨나 유저들의 개인별 실력등에 상관없이 하... 개같다 아니.. 하여튼 쇼다운 유성우 좀 전에 없던것 처럼 해주세요ㅠㅠ
5428,애플,부정,1,2019,4,13,이걸 겜이라고 만들어놓음?대리들이 판을 치고 티밍들이 난리를 치는데 슈퍼셀 뭐함? 겜 만들어놓으면 끝? 상대는 올 스타파원데 우리팀은 파워 4인팀원 있고 ㅋㅋㅋㅋㅋㅋㅋㅋㅋㅋㅋㅋ 별 1개도 아깝다
4038,애플,부정,5,2019,2,28,요청사항이 있습니다지금 현재 보석10개를 얻는 이벤트를 고정으로 하고 나머지가 바뀌는 식으로 운영이 되고 있는데 Bounty이벤트-순수 킬 수로 승패를 정하는 이벤트를 고정으로 하면 어떨까 합니다.
12981,애플,부정,1,2019,2,28,신고기능 ㅅㅂ아니 티밍은 이해하는데 던지는 놈들 신고못하는건 에바아니냐 욕설 신고만되는데 걔네가 일부러 져주고 던져서 욕하는 거란 생각은 안해봤냐 신고기능 수정좀해라 자동응답기 그만돌리고...
12983,애플,부정,1,2019,2,28,폭격구간아니 개망겜도 아니고 폭격구간 좀 빼라 제발 트로피 ㅈㄴ 떨어지네 ㅋㅋㅋㅋ
12993,애플,긍정,1,2019,2,28,"시즈 팩토리 이 모드 이게 말이냐? [김구리 앱스토어 집중 탐구]자 슈퍼셀님이 이렇게 좋-은 게임 만들어 주셔서 시간 잘 낭비하고 있는데, 자 일단 설명을 해보겠습니다. 어떤 사람 뇌피셜로는 브롤코리아가 잘못해서 한국서버만 이렇게 시즈 팩토리 모드를 내놓게 되었다는데요. 자 그러면 이제 본론으로 들어가 봅시다. 시즈 팩토리라는 모드는 맵에 무작위로 생성되는 볼트를 모아 강한 시즈 로봇을 만들어 적의 기지를 파괴하는 그런 모드입니다. 여기서 잠깐, 우리 팀의 볼트 수가 적 팀의 볼트 수보다 적으면 우리 시즈로봇을 내보낼 수가 없어욬ㅋㅋㅋㅋ 이게 말이 됩니까? 상식적으로 생각해보면  페이즈 1, 페이즈2 이렇게 한 턴씩 돌아가며 로봇을 내야하는데 시즈 팩토리 모드에서는 우리 팀의 볼트의 수가 상대 팀의 볼트의 수보다 적으면 그냥 영원히 우리 팀의 시즈로봇을 내보낼수가 없어욬ㅋㅋ 이게 말이 되냐 ㄹㅇ"
12995,애플,부정,5,2019,2,28,18.19시즌 최고의 게임클래시로얄과 더불어
12999,애플,부정,5,2019,2,28,브롤러 존나안뜸현재보유 브롤러 10개
12691,애플,부정,1,2019,4,15,개좆망겜 수준쇼다운 던지는 놈이랑 연속으로 네판 같은팀으로 만나는데 매칭 시스템이 누구 뒤진듯한 매칭이구나
12692,애플,긍정,1,2019,4,15,버그내가다이노로다이노를공격을했는데내가맛음씨발슈퍼샐뒤져
12693,애플,부정,1,2019,4,15,개새끼들아 시발놈들아 자장면으로 까대기나 맞아라시발시발빗ㅂㅅㅂㅅㅂㅅㅂㅅㅂㅅㅂㅅㅂㅅㅂㅅㅂㅅㅂㅅㅂㅅㅂㅅㅂㅅㅂㅅㅂㅅㅂㅅㅂㅅㅂㅅㅂㅅㅂㅅㅂㅅㅂㅅㅂㅅㅂㅅㅂㅅㅂㅅㅂㅅㅂㅅㅂㅅㅂㅅㅂㅅㅂㅅㅂㅅㅂㅅㅂㅅㅂㅅㅂㅅㅂㅅㅂㅅㅂㅅㅂㅅㅂㅅ뼝신개새낃길가다똥이나 밟아라 바보개새끼 시발놈 신캐같은소리 하고있내
12701,애플,부정,3,2019,4,13,매칭 시스템제발 매칭 좀 비슷한 트로피끼리 만나게 좀 해 슈퍼셀 개 씨발새끼들아 왜 내가 오백따린데 사백따리 븅신들이랑 만나고 상대는 삼인큔데 진짜 씨발새끼들아 쓴 돈이 얼만데 일 똑바로 해라
12703,애플,부정,1,2019,4,14,매칭좆망겜수준매칭시스템을 어떻게해놨으면 유저가 노력을해서 레벨을높으면 랭크별로 매칭이되야지 뭔 레벨별로 매칭이되냐 레벨높여봐야 나보다높은사람들이랑 매칭만되고 보스전도 같은브롤라들끼리 매칭시키고 같이 만나서하는 유저들이랑 랜덤매칭하는유저들이랑은 차별화를둬야지 ㄹㅇ 매칭좆망겜이네
12705,애플,부정,1,2019,4,14,브롤러 똥왜 다른 사람들은 전설과 희귀가 많이 나오는데 나만 똥 나옴 별 꼭 줘야 됨? 마이너스는 없음?? Super cell 망해라
12706,애플,부정,1,2019,4,14,미친 좆퍼셀아니 매칭좀 잘시키라고 맨날 짱깨랑 쪽바리걸려서 내 트로피 대 떨구고 뭐하라는거냐 그리고 고의트롤이랑 핵신고점 하게 좀 만들어봐라
12708,애플,부정,3,2019,4,14,ㅅㅂ한판 이기면5올라가고 지면4 내려가는 어이없는 트로피이고 팀도 드릅게 못해서 계속지고 캐릭은 좋같이 안나오고 쇼다윤이겨도 6올라감 지금브롤은 애미가 디진 쌉 현질 좃망겜
12710,애플,부정,1,2019,4,11,트롤 너무 많음과 앨 프리모 사정거리 너무 짫음 또한 조이스틱을 움직여도 인식이 않됨 그리고 토큰 상자 보상이 노답임제가 잼그랩에서 지고 있었는데 제가 그 때 콜트 였어요 콜트 스킬 써서 잼 제일 많이 먹은 얘 죽였는데 뒤에 있던 팀원이 잼을 안먹요 그 다음 판에도 그 다음판 에도 팀원이 똑같은 이유로 졌습니다 그 중 한 판은 이기라도 했는데 그래도 트롤 너무 많아요 앨프리모 사정거리 또한 너무 쓰레기입니다 콜트 예랑 1vs1로 붙었는데 쓰레기 같은 사정거리 때문에 지고 매번 조이스틱을 움직여도 인식 안 됍니다 이유를 알아냈는데 조이스틱이 내 손가락 이랑 같이 움직여서 그럼 조이스틱을 내가 초반에 탭한 그대로 가만히 있게 해주샘요 대신 손가락이 조이스틱 밖에 있어도 인식은 되게 참고로 이동 조이스틱 말하는 겁니다 스타토큰 상자 보상은 또 왜 이러죠? 스타토큰 상자에서 쉘리pp를 주지 않나 않그레도 젬그렙은 트롤 많아서 겨우 얻은 스타토큰인데 보상 너무 핵 x또 노답입니다 짱나서 샷건 쳦습니다
12711,애플,부정,1,2019,4,11,진짜 욕바께 안나오네 ㅋ진짜 기본으로 주는 애들로만 빡겜해사 3600찍었더니 팀 만나는 운 좆같아서 겜 못해먹겠네 브롤러라도 띄워 주던지해서 겜할맛이나지 기본캐로 만겜 하는 유전데 겜만 돌리면 패작 티밍 때문에 게임을 할수가 없네 진짜 게임 만든 취지는 갠찮고 게임도 괞찬은데 진짜 사람 짜증나서 혈압올라 죽을거 같네요 뭐 바꿀수 있는게 없다고 보기때문에 저는 겜 삭제 합니다 이따위로 만들지 마세요 슈페셀 믿었는데 진짜  어효;
12714,애플,부정,5,2019,4,12,7시 4분경 14000원이 결제 되었습니다7시 4분경 게임을 하는도중 현질를 할려고 카카오뱅크에 돈을 이체 시켰는데 14000원정도가 자기마음대로 결제가 되었습니다 제가 결제버튼을 누른줄 알았는데 보석은 충전이 안되있고 돈만 빠졌습니다 확인부탁드립니다
12723,애플,부정,3,2019,4,10,티밍 수정 좀...솔로 쇼다운 하다보면 티밍하는 사람들때문에 짜증이....(특히 쇼다운해골천 다이너마이크)
12737,애플,부정,1,2019,4,9,즐겜유저승리하면 주는트로피는 적은데 패배해서 가저가는 트로피는많은 개레알좆망겜
12741,애플,부정,2,2019,4,6,쇼다운 솔로티밍도대체 언제까지 솔로 쇼다운에서 티밍하는것을 지켜만봐야되나요...제발 재제쫌 먹여주세요..
12742,애플,부정,1,2019,4,6,궁극기 더럽게 안 나감쓰면 일반 공격
12745,애플,부정,1,2019,4,6,확률좀확률더럽게적네요 이게 신규는 3달에 하나 나올 기세인데 쳐 하라는 소립니까? 골드가 98% 신규브롤러들은 10%도 안되고 뭔 극악확률을다보네요.실력빨겜 이면 괜찮는데 이건 캐릭빨겜인데 상대는 프랭크에 파이퍼에 스파이크로 존나달려오는데 제시하나로 이기라는거에요? 매판마다 상대편 영웅브롤나오고 매판마다 결과는 안봐도 비디오
12754,애플,부정,1,2019,4,3,현질유도게임현질로 캐릭터 못뽑거나 안사면 점수도 올리기 ㅈㄴ 힘듬 하지마세요 이게임~~~
12755,애플,부정,1,2019,4,5,브롤스타느 유저들 실력수준제발 팀 실력이 좀 비슷했으면 좋겠어요. 항상 저만 캐리하거나 다른 팀원들은 항상 버스만 타는 느낌이 들어서
12759,애플,부정,1,2019,4,5,제발아니 이게 말이됩니까?어케 게임 이 벨런스가 울 팀 올 4000점 안넘고 파워도 8이하 인데 상대는 가끔씩 10000만 점이 넘는 애들 이나오고 6000점 애들 뜨는게 기본임 제발 벨런스 패치 좀
12764,애플,부정,1,2019,4,2,인터넷통신문제 똑바로 고쳐라 개짜증나네아니 인간적으로 통신문제 똑바로 고쳐라 와이파이 공유기 옆에서도 통신안되는게 말이되냐? 지금 중요한순간에 인터넷 문제 때문에 몇번을 죽냐 ㅅㅂ 그동안 참고 트로피 4000까지 올렸는데 진짜 개짜증나서 안한다 별하나도 아깝다
12766,애플,부정,1,2019,4,2,소통따윈 없구만 미친광고에 쓸 돈있음 게임 서버나 잘굴리시길 광고 때문에 개토나온다 그리고 난 진작에 게임 지웠지민 유튜브도 니네 때문에 레드로 변경하고 친구가 전해달래요 광고도 보는 사람이 즐거워야지 ㅅㅂ 개인방송어플이라고 그따위로 미친듯이 광고 끼워넣고 특히 그 안경잽이가 광고하는 14분짜리 광고 친구는 그아저씨 목소리 듣기 싫어서 폰 집어던질 정도임 노이로제 걸리겠단다 이진상들아 게임을 알리고 싶으면 게임을 매칭시스템이나 가챠 그리고 서버 관리에 돈을 더써 그러면 입소문나 그리고 광고도 저렇게하면 역효과 난단다 마케팅에 마자도 모르는 미친회시야 신입사원이 마케팅하냐? 뭐 이거도 안보겠지 불통회사 니네 멋대로하슈 어차피 유튜브에 돈이나 벌어주지 난 당신들게임 하지말라고 얘기하고 다닐라 했는데 주변 사람들이 그 안경잽이 아저씨 목소리 듣기싫어서 게임 지운다 이병헌써는 찗게 붙어있기니하지 ㅈㄴ 싫음  뭐 승승장구 하세요
12767,애플,부정,2,2019,4,2,티밍좀 없애라아니 솔로 쇼다운만 돌리면 티밍하는 팀이 한 둘 이상은 꼭있냐 어떻게 ㅡㅡㅡ 진짜 게임할 맛 안난다 티밍하는 새끼들때매
12768,애플,복합,5,2019,4,3,클럽 관련 건의 사항// 읽어주세요!! plz read!!브롤 스타즈는 좋은 완성도의 게임입니다. 하지만 소셜 기능이 너무 약합니다. 클래시 로얄이나 클래시 오브 클랜 처럼 클럽이 활성화 되어있지가 않습니다. 유명하거나 지인끼리 만든 클럽이 아니고서는 여느 클럽을 들어가도 클럽원 사이의 인터렉션이 적거나 없고 그저 들어와있기만 하는 유령방이 대다수입니다. 첫번째 이유는 클럽 채팅 인터페이스의 불편함입니다. 가로로 된 게임에서 키보드가 올라오면 화면의 절반을 가리게 됩니다. 채팅창이 제대로 보이지도 않습니다. 폰트도 잘보이게 바꾸고 서로의 이름이 잘보이면 좋을거 같네요. 두번째는 클럽의 의미가 불분명해졌습니다. 클래시 로얄의 경우 클럽에서 지원을 받고 지원을 해주며 얻는 이익이 있었습니다. 덕분에 클럽들은 활발해지고 오고가는 대화가 있었고 소속감도 주었습니다. 클래시 로얄을 오래동안 질리지 않고 할 수 있었던건 이 이유 아닐까요? 클럽 기능 관련해 개선이 있었으면 좋겠습니다.
12769,애플,부정,1,2019,4,3,브롤 망해라행운 시스템 작동 안함 레알임 나는 안됌 개 빡침 그래서 문의도 하고 리뷰 쓰는거임 그리고 내 트로피 돌려줘 핵 고치라고 시팔놈아 트로피 안올려 주면 신고 할거임  아니면 캐릭터 주삼 ㅅㄱ^^ 좁밥아 점수차가 1100이 말이 되냐 미친놈아
33946,구글,부정,5,2019,4,8,"매칭시스템 웃기네요. 제 캐릭터는 레벨4인데 우리팀레벨4,6짜리 걸리고 상대편 레벨은 왜 8,6,10인가요?? 심지어 스타파워까지 있어 ㅋ 적어도 양심적으로 10은 10끼리 만나야되는거 아니에요? 컨트롤이 중요한 게임이라고 해도 상대편이 월등히 레벨높은데 어떻게 이겨요. 매칭시스템좀고쳐요. 비슷한 레벨 캐릭터끼리 만나게! 겜할맛 떨어지네요..그리고 신고기능도 좀 넣어요. 모두가 원할텐데 왜 안넣지?;; 노이해.. 오래가는 게임되려면 일찍일찍 시스템들 고쳐야할거에요. 이거하다보면 우리나라에서 빛을 잃어버린 오버워치라는 게임이 떠올라요. 그 게임이 왜 그렇게 됐는지 잘 생각해보시길."
34640,구글,복합,5,2019,4,12,"슈퍼셀님,티밍 문제 부탁해드립니다.진짜 티밍 때문에 미치겠네요. 게임은 재미있는데 요즘은 쇼다운이 티밍빨로 알아차리고 있습니다. 제발 뭘 해도 좋으니 이 문제만 부탁드립니다.유투브 보면서 봤는데 요즘은 세계 랭커들마저 티밍하네요.진짜 제발 이 미칠 문제 좀 해결 바랍니다.나도 참 슈퍼셀이 이런 게임 만드는 건 처음이네요.티밍 좀 없애 주세요.지금 별3개 주기도 힘들게 결정한 것입니다.진짜 이 도는 프로그램 좀 없애주세요.그냥 티밍 당한 사람이 메뉴얼에 신고해서 1번씩 할 때마다 500점 정도 깍이게 해주세요."
34336,구글,복합,5,2019,2,28,업데이트는 좋은데..관리하니깐.. 업데이트 할때마다 접속이 안된다거나 그런게 조금 불편하네요.. 앞전 업데이트에서도 똑같았는데.. 지우고 다시 설치하고 이러한 행위를 계속적으로 해야되니 너무 불편해요. 게임은 확실히 퀄리티 있고 재미있다고 생각합니다..그러나.. 접속이안된다는..업데이트만 하면 말썽이에요..더 나은 개선책이 있기를 바랍니다
34663,구글,부정,5,2019,4,3,270트로피랑 96트로피는 왜 같이 잡히나요?? 심지어 상대편에는 다 270점대 주변 애들이었구요. 캡쳐도 했습니다. 그거는 그냥 지라는건가요?? 계속 이기면 그 이후엔 계속 지게 만들어서 악에 받쳐서 게임을 계속 하도록 만드는 것 같은데 .. 그래도 참다참다.. 이건 좀 아닌 것 같아서 남깁니다. 매체메이킹 기준에 대한 개선 제발 부탁드립니다. 파워차이는 이해하는데 트로피차이는 이해가 안됩니다.
34459,구글,부정,5,2019,4,14,갓겜이지만 뭔가 정말로 아쉽다.. 리뷰를 슈퍼셀이 읽진 않겠지만 개선해아 할 부분은 매칭 문제에서부터 여러가지 많다. 보통 매칭이 트로피 플마10정도로 잡혀야되는데 아주그냥 플마 100이 되갖고 적팀은 50높고 울팀은 50낮은 경우가 드럽게 많다. 그리고 레벨은 항상 울팀이 낮고.. 팀탓을 할거면 쇼다를 쳐 돌리면 되잖아! 라고 하는 머저리들이 있는데 쇼다운은 18랭부터 시작해서 더 올라가면 티밍이 심각하다.. 티밍 그까이꺼 잘하면 다잡지! 라고 하는 머저리들.. 은 그냥 닥치고 있어라.. 피지컬이 아무리 좋아도 다구리엔 장사없다. 그리고 최적화는 1도 안돼서 발적화 수준도 아니고 그냥 램 2기가 이하인 보급형 폰 유저들은 못돌린다고 보면 된다. 그리고 서버를 감자로 돌리는건지는 모르겠지만 뭐하면 와이파이 문제랍시고 화면에 빨간색 경고가 뜬다. (*와이파이 공유기 바로 옆에서 쓴다) 그니까 제발 쓰잘데기없는 신캐 신맵이나 쳐만들지 말고 최적화부터 해라.에라이 배그하러가야지 브롤망겜.
34461,구글,부정,5,2019,4,1,신고버튼만들어주세요. 몇몇사람들이 고의적으로 아군을방해하고 패작을하고있더라고요. 그리고 크로우버프좀해주세요. 체력이랑스타파워를 바꿔주세요.크로우가그냥한대막고피가 바로딸피가돼더라고요.제발해주세요. 제가현질도많이했어요. 제발해주세요. 그리고핵좀못하게 해주세요. 핵때문에저원래5123트로피였는데2597까지 떨어졌어요. 복구는않해주셔도돼지만 핵프로그램을 하는 청부업자들도 제발 없에주세요. 핵때문에게임하기가힘들어요. 티밍은공식적으로 슈퍼셀님이전략이라고하셨지만 제생각에는 전략같지가않아요.티밍들도핵들처럼 없애주세요.않하면 게임을못할것같습니다.그리고또 해골천맵에서다이너가티밍으로 판을치고다니기때문에제가티밍을없애달라는겁니다해골천맵을다르게바꾸시거나 티밍을없에는것을추천드립니다. 그리고 제가생각하기엔게임자체가 점점 망겜이돼가는것같습니다. 이게임을살리시려면 티밍과핵을없애는게 제일좋은것같습니다. 이유는알려드렸죠?많은분들이레온너프를 바라고있지만 일단 핵과티밍부터없애는게최우선인거같습니다.
34143,구글,복합,5,2019,4,6,이 게임은 아주 재밌습니다. 조작법도 간단하고 친구들과 같이 즐길수있어 좋았습니다. 하지만 요즘 뭔가 티밍이 늘었습니다 쉘리300점인데 티밍이 너무 많아서 점수 올리기는 커녕 떨어지기만 하고 있습니다. 친구들만 아니였어도 이 게임은 이미 지웠을 검니다. 티밍을 무슨방법은 쓰든 없에 주세요. 티밍하기 싫은데 이길려면 그 방법 밖에 없어요.ㅠㅠ 다음 업데이트 기대할게요.
34148,구글,복합,5,2019,4,5,이게임은 재밌고 컨트롤도 싶습니다. 초보자들은 잘못하지만 연습하면 잘할수있습니다. 그리고 로그인을하면 발리도주고 마법사발리 스킨도줍니다. 이벤트도 볼수있습니다. 방법은 어떤 앱 을 깔아서보시면됩니다. 유튜브에서 브롤스타즈 유튜버나 보시면 좋겠습니다. 저는 브롤스타즈 캐릭터 나오는 확률 높여주세요. 조금만요 제발요 그럼 감사하겠습니다. 그래픽은 별 5개입니다. 게임플래이는 너무재밌습니다. 저는 브롤스타즈 매일합니다. 이거 너무재밌습니다. 브롤스타즈 화이팅~!!
34156,구글,복합,5,2019,4,6,"제 기준으로는 티밍이 공식이니까 너무 많습니다. 그리고 원거리보다 근거리가 안좋아요. 초반에는 그러러니 하겠지만 쉘리나 불같은 캐릭터는 꼭 숨는 곳이 많은 쇼 다운맵에서 해야 트로피를 올릴 수 있어요. 그리고 원거리가 대부분 근거리보다 쎄요. 근거리도 쎄요. 그건 가까울 때 만이죠. 그치만 원거리는 거리, 장소 등등을 불문하고 겁나 쎄요. 뒤지도록 쎕니다. 진짜 하다보면 콜트, 브록, 다이너 마이크가 상위권에 갈 수록 겁나 많아지거든요? 근데 걔네들이 티밍을 해. 그럼 뭐다? 개사기다. 이거 신고 기능을 만들어야 되요. 티밍이 게임을 망치는 판입니다. 다른건 다~ 좋습니다. 그치만 티밍문제를 해결할 신고 기능과 원거리 공격력 너프좀 해 주십쇼.."
34161,구글,복합,5,2019,2,28,"브롤스타즈는 재미있는 게임이다 하지만 이번업데이트는 문제가 많다 신캐릭터와 새로운맵,밸런스조정은 확실히 필요하다 업데이트 내용이 문제가아닌 게임 접속이 가장큰 문제라고 본다 지금 각종 sns,유튜브 같은 커뮤니티에서는 이런 게임접속 문제를다룬 이야기가 많다 하지만 슈퍼셀은 아무런 의견조차 내놓지않았다 게임자체는 매우 흡족한다 하지만 운영,대처가 조금 부족하다고 본다 이런것이 고쳐진다면 더욱 좋은게임이 되지않을까 생각한다 접속오류의 이유, 이후 접속오류에 대한 보상, 빠른 접속오류의 해결이 필요해보인다"
34219,구글,부정,5,2019,4,10,매칭시스템 정말 나쁘네요 트로피가 비슷한 유저들하고 매칭되도 어떤 유저는 팀의 캐리로 올라간 유저가 한둘이 아닌데 보통실력유저항 못하는유저들하고 한 팀으로 묶어두면 와 매칭 시스템 정말 좋다 라고 말할수는 없을것 같네요 왠만하면 이런말 잘 안하는데 다른건 다 좋아도 매칭시스템때문에 제가 이 리뷰를 남기고 있습니다. 흔히 솔로쇼다운에서 볼 수있는 티밍도 정말많고 매칭시스템도 좋지는 않네요 그리고 팀에서 고의적으로 유저들의 트로피를 낮추게 하기위한 비매너 플레이 즉 트롤하는 유저들이 많습니다 그런유저들을 하나하나 찾아서 처벌을 하는것은 힘들것이라고 생각합니다 그렇기 때문에 신고 시스템좀 만들면 좋겠습니다 그러면 으.. 정지싫어 라는 생각을 가지고 잘 하지 않을것 같기 때믄입니다 많은 유저들이 이미 리뷰작성에 남기고 있는데 만들어주셨으면 하네요
34222,구글,부정,5,2019,4,14,저는 브롤스타즈를 아주재미있게 플레이하고있는 유저입니다.지금아주 재미있게 플래이하고 있지만 문제가 있습니다.문제가 무엇이냐면 바로 캐릭터 입니다. 제가 현제 트롬피가 1000이 넘었는데 초휘기 하나 않나오네요ㅡㅡ결국 현질을 해서 파이퍼와 팸을 얻었습니다. 제발 캐릭터 나오는 확률좀 올려주세요. 그럼 더 재미있게 플레이 할수 있을것 같습니다.
34558,구글,부정,5,2019,4,14,"이 게임 정말 재미있게 플래이 하고 있습니다. 그러나, 집에서 와이파이수신 상태가 좋아도 렉이걸리고 게임이 튕깁니다 이 문제 개선을 부탁드립니다 또 이겜 현질유도를 해서 4,5배 가치라면서 정작 초희귀 안뜨고 진짜 환장하겠습니다. 마지막으로 진짜 중국인들,일본인들 트롤해서 토나올 정도로 극혐입니다 그래서 한 40점 떨어지고...."
36626,구글,복합,5,2019,4,15,"정말 괜찮은 게임 입니다. 하지만 1대1 모드도 나왔으면 좋겠어요, 기존 클래시 로얄 방식인 1대1 형식을 브롤스타즈가 받아들였으면 좋겠네요, 그리고 레온 캐릭터가 너무 밸런스 붕괴네요, 다음 패치때 너프를 주셨으면 좋겠네요."
36341,구글,부정,5,2019,2,28,저이거계정돌려주시죠아니면신고합니다저이것때문에정말이게임지울것같음니그들오래가고싶으면내계정다시돌려줘라닉은신또찌트로피3717브롤러18게클럽초보들만의모이이거내일까지안돌려노면이게임신고하고이게임망하게한다!!!!!!!!!!슈퍼샐일좀잘해라!진짜나빡쳐서신고한다진짜다!!!!!!!!!!!진짜나아거때문에밤셋다이거솔직히보상해줘야한다!!!!!
36347,구글,부정,5,2019,4,15,차라리 진 버그땜에 삭제되는거가 훨신낫네 그땐 들어가 지기라도 했지. 들어가게는 해 줘야 하는거 아닙니까. 일좀 똑바로 하세요.적어도 들어가 지기는 해 줘야 되는거 아닙니까. 못들어가지는거는 빨리 고쳐놓으시길 바랍니다. 그거 고치지도 않으면 별점 1개도 않올려 줍니다. 쉬지말고 당.장. 고.치.세.요!
36366,구글,부정,5,2019,4,1,아니 무슨 xx같은 와이 파이 와 파 잘 터지는 곳에서 와이 파이 안 잡힌다 하고 팀원이 공격안하고 가만히 있고 막 내 탁하고 해서 신고 하려는데 신고 버튼 없고 또 렉 땜에 튕기는데 들어가면 죽어 있고 이데로 계속하면 여겜 못할겁 같습니다. 그리고 추천 안함.
36373,구글,부정,5,2019,4,6,아니 솔직히 밥먹을때 개도 안건드린다더니;; 브롤 트로피 마이너스 안되는걸로 바꼈으면 좋겠네요^^ 파밍할때는 안건드리렸으면 좋겠네요..티밍도 줄여주세요.. 솔쇼하면 맨날 티밍을 요청하네요...ㅂㄷㅂㄷ 별 한개 주기도 아깝네요 브롤이 좀더 업뎃하면 별 한개 더 올려드리죠. 아참그리고 버퍼링렉이랑 와파렉 같은거 좀 줄여주세요;; 와파 빵빵한데 와파렉이 걸리네요;;
36381,구글,복합,5,2019,4,13,다른건 다 좋은데요 진짜 조금만이라도 신규브롤러 확률좀 올려주실수 있을까요? 제가 운이 너무 안좋아서 상자를 10개씩까도 신규브롤러 하나도 안나옵니다 만약 가능하면 조금이라도 신규브롤러 획득확률을 조금만 올려주세요 그럼 정말 감사하겠습니다~^^
36382,구글,긍정,5,2019,4,15,역시 슈퍼셀게임입니다!! 확실히 요즘 쏟아져나오는 양산형게임보다는 훨씬 나아요!! 그래도 티밍과 네트워크 문제는 고치셔야 할겁니다.. 그래도 최근래 제일 재밌는 모바일 게임이였습니다!!
36386,구글,긍정,5,2019,2,28,"업데이트 후 계속 실행이 안 되더니 5번 이상 깔고 지웠다를 반복하니 게임이 실행되었으나, 기존에 게임한 기록들이 모두 없어지고 초기화 되었 습니다~ㅜㅜ 넘넘 속상합니다~ 꼭꼭 해결해주세요~ㅜㅜ"
36132,구글,부정,5,2019,4,15,브롤러 300점 넘어가면 3:3 매칭이 아주 언발런스 하게 잡히고 특히 새벽에 들어가면 트롤짓하는 AI하고 매칭잡이줘서 이겨도 상대편 유저가 안스럽고 져도 재미있게 지는게 아니라 기분만 더럽고 매칭에 시간이 걸리더라도 트로피는 어느정도 맞아야 지더라도 싸우는 재미가 있지... 랜덤유저는 그냥 접는게 정신건강에 좋을듯
36411,구글,부정,5,2019,4,11,게임 중 자주 멈추고 다시 되려고 하면 이미 죽어있는데 와이파이 연결 오류? 아니 와이파이는 연결 되어있는데 뭔 소리인지 모르겠네요 게임 잘못 만들어 놓고 와이파이 오류라고 계속 표시 되는거 정말 짜증납니다. 게임 좀 제대로 만들면 안 되요?
37009,구글,부정,5,2019,4,2,"높은 완성도에 캐릭터 밸런스도 나쁘지 않은데, 모든 전투가 경쟁전인 만큼 지게되면 스트레스가 이만 저만이 아니네요. 기종에 따른 렉 문제도 심각한 편입니다. 렉 걸리면 사실상 못 하게되니까 그냥 게임 삭제해야 되여.."
37014,구글,복합,5,2019,4,15,다 좋은데 자꾸 끊기고 지금 업뎃후 계속 튕기네요ㅜ 무과금으로 힘들게 2300점까지 올려놨는데ㅠ 최대한 빨리 고쳐주길바래요ㅜ 고쳐주시면 별점 5점 그 이상이에요!아직 안해본사람 한번씩 꼭해보시길 바래요!잼써요((수정후))오!고쳐졌네요!엄청 잼써용 별5개 투척하고가연 맑음갍앍섡 10갥줅곫싶은디 5개밖에 읎네여
37019,구글,복합,5,2019,2,28,"에휴역시 슈퍼셀 게임은슈퍼셀답다 와이파이 겁나좋은건데 계속신호약하다고 케릭터멈추고 계속 캐릭터 컨트롤하면 계속 초기화돼고 그레서 트로피300백점깍임 그런데도 계속하는이유는 토큰떼문에하는거임 그럼 또깍기고 토큰모으는데 모으는동안 7등안애들지도못함 그리고 20만원을현질헸는데 전설은1개도 못얻음 그러면 무과금은 전설,신화,영웅얻기도힘듬 전설확률도높혀주세요"
36153,구글,복합,5,2019,4,10,재미있는데 티밍때문에 좀그렇네요 그리고 브롤러가안나와서 재미가 떨어지고있음니다. 그리고 시즈팩토리업데이트 하고나서 제3000점스파이크 있는계정이날라갔어요!!! 지금은4000점이지만 전설과영웅브롤러가없네요. 영웅이나와줬으면 좋겠네요. 4019점인 기운입니다.
36154,구글,부정,5,2019,4,14,진짜 와파도 안터지고 컨트롤러도 않좋고 와파태스트 도않한거 인성 실화 램덤매치에서 마이크도 없고 그래서 어떻게 소통하겠어요?아무리 랭크 높다고 해도 트로피너무 조금 주잖아요.그리고 스킨끼면 예뻐지는거빼고 없잖아요.30보석모으기 얼마나 힘든지 알아요?그리고 전설 확률실화?슈퍼쉘 로또 4등 당첨 된적이나 있어요?전설 확률 그지 같게 해놓고선 자기 브롤할땐 브롤러 확률 다 100% 로해놨 겠지.에휴......진짜 어떤사람은 100만원 현질해도 전설안뜨는데 슈퍼쉘 스킨 없에던지 능력만 들어 주세요^^안그러면 죽여버릴 꺼에요.슈퍼쉘^^그리고 조준할때 입체적 으로 만들려고 해도 조준선 끈기 는건 좀 에바 잖아요. 그리고 대형 상자 한개 정해서 확률업 해주세요^^ 단 전설은 그래도 이름 있으니까 아주 살~짝적게 해주세요.슈퍼쉘 잔소리 않할수가없다.제 이야기 공감하는사람 잔소리1분1초 빠르게 하세요.
36421,구글,부정,5,2019,4,13,신용빈 gim치 윤노찡 핵쓴거 같습니다 4레벨 로봇이 50%딸게하고 저희팀12레벨 로봇이10%달게했습니다 그리고 앨프리모가 특수공격하고 바로 또 썼습니다 그사람 계정 정지 부탁 드립니다 댓글 읽으시면 답장 부탁드립니다!!!!!!?!?!?!!
37031,구글,복합,5,2019,4,15,"엄청 재밌고 총,주먹,삽,카드,표창등 여러 무기와 자동 공격,수동 공격,특수공격 모두 만족하고 다 좋은데 딱 1개만 상자를 까면 좋은 캐릭터랑 코인좀 많이 주면 좋겠어요~ 모두 100점!"
37040,구글,부정,5,2019,4,1,아니 사전예약 해서 쉘리 스킨 얻었는데 계정도 연동하고 했는데 지웠다가 다시 깔았는데 없어진거 실화냐?! 진짜 다시줘라 어이없어서 다시 지웠다가 지금 다시 깔았는데 없음 아 진짜 어이가 없다 진짜 양심이 있으면 다시 줘라 진짜 그거 내가 사전예약까지 한 아이템 인데 이제는 못 얻는건데 계정연동하고 다했잖아 진짜 양심이 있으면 다시줘라 안주면 브롤망겜임
36443,구글,부정,5,2019,4,13,진짜너무하네 원래기본적으로 게임을깔면 구글로그인돼야하는거아님? 아니면 확인여부라도물어야지 그것도 모르고 설날특가팩12000원짜리랑2000원짜리 보석지르고 잠시지웠다가 다시할라고 깔았더니 구글은개뿔 게스트였네? 하.. 진짜 정도껏 사람놀려야지 뭐하는짓거리임?장난하나 이사람들보게;;환불안해주면 신고할께요.
36764,구글,긍정,5,2019,4,11,너무나도 재미있어용!!!!!매일매일 한답니당ㅋㅋㅋ 역시 슈퍼셀님 게임게의 금손이시네 아 그리고 아래에 있는 댔글중에는 제가 보니 약간에 핸드폰 문제도 있는거 같아요. 그리고 이것에 대해 악플을 다신 분들은 다시 생각해 보세요. 다른 사람들은 재미있게 플레이 하고 있는대 악플을 달면 슈퍼셀님이 기분이 별로 좋으시지 안겠죠? 그리고 솔찍히 하던 사람들이고 가끔에 버그는 어쩔수 없는데 그러면 벌로 입니다. 아무튼 슈퍼셀님!!!!역시 저의 기대를 버리시지 않는군요.
36186,구글,부정,5,2019,4,9,아니 진짜 궁금한건데 게임하면 네트워크가 일부러 안잡는거야 기술력이 부족한거야 게임은 잘만들어놓고 정작 와이파이 옆에서 하거나 데이터로 게임해도 와이파이 느낌표뜨면서 렉 오지게 걸리는데 유저들도 상대가 잘해서 빡치는거보다는 중요한순간에 네트워크때문에 렉걸리는게 더 빡친다 이걸 개선좀 해야되는데 개선을 할 생각이 없네
35938,구글,복합,5,2019,4,6,이 게임은 일단 정말 재미있는데 말할꺼는 저화 트라피 약1200개 정도 차이나는 친구가 있습니다 저는 브롤러가19개이고 그친구는20개입니다 제가 트로피가 약1200개나 더많은데 브럴러만 제가 더쩍어요ㅠㅠ 이게 저의 운 문제인가요?ㅠㅠ 신규브롤러좀 주세요ㅠㅠ
36195,구글,복합,5,2019,4,15,저는 주변에 추천으로롤을 하게되었습니다 제가 할게임이 없어 찾던중에에 발견한주옥같은 게임입니다! 근데 문제는 브롤코인인가 그것이너무조금나와 브롤러 레벌업할때 부족하니 조금만 높여주면좋겠고 그것만 빼면 정말좋은앱입니다!
36203,구글,부정,5,2019,4,9,쉘리로 스킬쓸려고 풀숲에 숨어서 가만히있는데 갑자기 플레이어 활동안해서 겜튕기게하고 스킬도 날려져있고 일반상자까도 브롤러나오는 확률개똥이여서 쳐나오지도 않고; 겜만들거면 제데로좀 하고 만드세요 전략으로 풀숲에 대기해도 안움직인다고 튕기게하질않나 이딴식으로 할거면 풀숲을 왜만들었는지 이해가 1도 안되는데요
36204,구글,복합,5,2019,4,15,게임은 잘만들었습니다 그래서 5점다줬는데 이번캐릭터 로사는 너무 대충만든 느낌이듭니다 쉘리동생이라 해도 믿을만한정도의 얼굴 생김새의 닮음 기본공격은 엘프리모 빼다박고 특수공격은 구르기 없고 스타파워있는 데릴;; 신캐 출시 날짜 간격을 줄인건 좋은데 너무 개성 없고 대충 만든 느낌이들어서 안줄인것 만도 못하네요 힘든건 알지만 개성 좀 살려서....
36209,구글,부정,5,2019,2,28,저기 이게 와이파이가 빵빵한데 빨간색으로 와이파이가 불안정 하다네요 이게 한동안 괜찮았다가 또 업데이트를 하니까 또그러네요 그리고 고치려고 지웠다도 깔아보고 해봤지만 다른방법이 없습니다 기다리는 수 밖에는요 그래서 한동안 브롤스타즈를 못 하게 됩니다 이것좀 빨리 고쳐주시던가 못한 판만큼 보상을 주시든 빨리 조치를 취해주시면 감사하겠습니다 제이야기 들어주셔서 감사합니다
36210,구글,복합,5,2019,4,15,게임은 정말 잘만들었습니다만 두가지 문제점이있습니다 첫번째는 와이파이가 잘터지는 곳에서도 와이파이가 계속 뜨구요 심할 때는 데이터로해도 와이파이가 뜹니다 두번째 300점이상으로 부터 티밍이 엄청 심합니다 티밍하는 사람은 즐겁고 좋지만 당하는 사람입장으로서는 괭장히 불편합니다. 이 두가지 만 잘 패치 해주셧으면합니다
36786,구글,부정,5,2019,2,28,높은 사양을 요구하는 컨텐츠는 없는데 그래픽 효과로 저사양 기기에서 게임이 느려지는 현상이 있습니다. 그래서 투사체와 게임 내 케릭터의 그래픽 퀄리티를 낮추어 부담없이 할수있는 저사양 모드를 만들면 어떨까 하는 생각을 해봅니다.
35945,구글,부정,5,2019,4,15,"아니 렉도 많이 엄청 심하고(그래픽도 꾸진 게임이)브롤러 나올 확률도 겁나 그지 같아요 차라리 브롤상자를 뻬고 일반 토큰은 대형상자 스타 토큰은 메가 상잘 하고 보석 100개 모으면 엄청 좋은 상자 하나 열수있게해주고 하면 되죠 어차피 대형상자든 메가상자든 확률은 다 똑같아 그지 같은데 이방법 말고도 가장 쉬운방법이 그냥브롤러 얻을 확률을 1%이상으로 해주면 되요 (전설,신화 제외)이거 꼭 다음 업데이트때 해주셨으면 좋겠습니다 제 의견이였습니다 감사합니다"
35946,구글,부정,5,2019,4,2,핸드폰을 바꾸면서 전에 있던 핸드폰에서 앱을 이동했는데 현금으로 구입했던 캐릭터들과 내역이 모두 없어지고 처음부터시작하게되어 지금까지 쌓았던게 모두없어졌습니다 그전핸폰에는 있구요.이상황 어떻게해야되는지 해결해주세요.
35974,구글,복합,5,2019,4,4,참 재미잇어요!!! 근데 캐릭터가 랜덤으로 뽑혀서하는 쇼다운하고싶어요!!(클래시로얄 드래프트전처럼) 그리고 밤모드쇼다운도 나오면 좋겠어요 깜깜한 곳에서 쇼다운!! 그리고 재밌긴한데 신규캐릭이 많이 안 나오니까 재미없을때도 잇어요 확률 좀 높여주세요!! 슈퍼셀 화이팅!!
36845,구글,복합,5,2019,2,28,다른건 싹다 좋은데 와이파이가 잘터져도 렉이걸리고 와이파이가 안된다고 빨간색 와이파이 신호가 나올때도있습니다. 이점만잘 보완해주시면 좋겠습니다 그리고 크로우좀 패치해주세요. 제발요.ㅠㅠㅠㅠㅠ
36849,구글,긍정,5,2019,4,9,플레이어 제제기능좀 있었으면좋겠습니다. 악의적으로 게임을 불참하거나 서로 팀을짜서 주작을하거나 관전으로 적의 위치를 보는 행위등을 많이 보았는데 이런행위를 막을수있는 기능이 없는것같습니다.
35999,구글,복합,5,2019,4,6,다른건 다 괜찮은데 와이파이가 이게 말이 됩니까? 아니 와이파이 아무 문제 없는데 한판 할때 마다 와이파이 안된다는 경보(?) 뜨면서 렉걸립니다 이게 쉽지 않다는걸 알지만 그래도 빨리 이문제를 개선해 주십시오
36573,구글,부정,5,2019,2,28,"일단 업데이트 이후 버그 때문에 반나절동안 게임을 즐기지 못해서 아쉬웠구요 동생계정은 구글 페북계정만 연동했는데 그 계정도 복구 가능한지좀 알려주시고 다음부터는 이런 오류, 버그 다시는 없었으면 좋겠네요."
36860,구글,부정,5,2019,4,6,먼저 무개념초딩들이 너~~~~무많아요. 초대 잘못했는데 갑자기패드립을하지않나 말도안되는 논리로 자기만족만계속하는데 신고가 안 되서 답답해 죽겠습니다 애국자라는닉네임의 무개념이 저에게 패드립을 날리고 튀었는데도 아무것도못한다는게 말도안되는것같네요 얼른만들어주시길바랍니다 제발
36862,구글,복합,5,2019,2,28,이닌저런 문제점이나 불만이 많아보입니다 개인적으로저는 와파이상없고팅김없고 게임은 원활히 돌아갑니다 아~~주잼납니다 근데 이기고지고 맨날제자리 트로피같네요ㅠ너무힘드네요2천개까지ㅠ 그래도 잼나서 꾹참아볼랍니다ㅎㅎ
36581,구글,복합,5,2019,4,7,아니 게임 자체는 진짜 잘만들고 재밌는어요 그런데 저만그럴 수도 있지만 거의 3판중 1판은 팅깁니다;; 그리고 보스전 떠서 친구들이랑 하는데 왜 플레이어기 안잡히죠? 그리고 3명씩 팟 잡아도 게임이 안돼네요;; 이것좀 고쳐주세요.
36583,구글,부정,5,2019,4,4,"아니 이거 캐릭빨,팀빨,티밍빨,현질빨,운빨게임이잖아 이거는 무과금으로는 10000점이상 절때못가 6000점도 못 가 레온너프 개많이시켜라 이겜 재밌긴한데 베타시절때처럼 캐릭터 전부다 상자에서 나오게 해주면 안됌?아니면 무과금분들한테 보석안내고 받을수있는 전설이나 신화브롤러 하나주던가요ㅡㅡ"
36881,구글,부정,5,2019,2,28,아 무과금 유저로써 신화2개 영웅2개 확룰도쏘쏘 한데 업데이트 이후로 안들어가지네요 보상으로 전설브롤러 보석 몇백개달라하는데 좀만하면 얻을거다얻는데 이런 부탁은하지맙시다 제작자분들 이런 좋은겜 만들어주셔서감사합니다 빠른시일 내 고쳐주시면 감사하겠습니다
36609,구글,부정,5,2019,2,28,브롤스타즈를 시작한후로 정말 열심히 플레이를 하던 유저인데 이번 업데이트가 혹시..앱 정지시키는 업데이트인가요...?? 업댓뒤로 플레이를 한번도 하지 못해서 많은 불편을 가졌습니다..나중에 다시 오류가 풀리면 진짜 많은거 바라지 않습니다..적당히 많은 버그와 오류들에 대한 게임 불편을 느낀 분들에게 보상을 해주셔야될꺼 같습니다 아니면 혹시 보상을 주기 싫으시다면 버그만이라도 풀어주시길 바랍니다..
35786,구글,부정,5,2019,4,14,너무 재미있고 여러가지 맵이 있어 다양하게 게임 플레이를 할 수 있어서 좋다.그리고 캐릭터마다 특성이 있고 특별능력이 있어서 더 좋다.그래서 부탁이 있습니다. 캐릭터를 하나 만들어주셍요. 무기는 검을 쓰고 일반공격은 모티스처럼 근접에서 공격하고 기술은 바람으로 공격에서 상대를 멀리 보내면서 스턴이 걸리고 데미지 입는것이고 특별능력은 3번연속 때리면 기술게이지 차는 속도가 빠라지는 캐릭터를 만들어주세요. 만들 수 있으면 부탁합니다
34904,구글,복합,5,2019,4,3,"전략적으로플레이가능하고 에임중요하지만 다른게임만큼은 아니고 다른맵 다양한브롤러 로 게임플레이를 할수있는건 큰장점이지만 와이파이랙으로 승패가갈리는경우가 다발입니다. pp코인,골드모두 수급이적어서 파워업이 너무시간이걸립니다. 모두가공평해질려면 시간이너무 걸립니다. 결론은 제미있지만 적으면서도큰 단점이있는게임입니다."
35202,구글,부정,5,2019,2,28,아니 레온 너프도 정도 것 해야지 이건 심하잖아요. 아니 체력도 약한데 데미지 까지와! 이건 문제있죠 아니 저번 패치도 왜 됐지 했는데 또! 아니지 이건 그리고 수리검 에모 차는것도 느리잖아요 이러면 탱커도 잘를려면 에모 4칸을 써야하는데 이걸 더줄이면 레온 암살자라는 특징이 살아 지잖아요.
35215,구글,부정,5,2019,4,5,"1.스쿼드나 5대5팀대전을 요구합니다. 솔로는 티밍 듀오는 팀운 이것보다 심각한 문제가있을까요? 전 이것을 빨리 개선해야한다고 생각합니다. 2.팀보이스 또는 전체보이스를 요구합니다. 말을못하니 진행하기 어렵습니다. 팀에게오더 또는 위치를 명학하게 알려줘야합니다. 3.온라인,오프라인을(를) 요구합니다. 친구 또는 주변지인 또는 게임친구등 여러브롤러들이있습니다. 때로는 혼자하고 싶을때가있습니다. 그때마다 매번 거절하자니 미안하고 같이하자니 싫고 이것 또한 개선해야한다고 생각합니다. 이상입니다. 꼭 보고 개선부탁드립니다.^^"
35533,구글,부정,5,2019,4,2,게임은 재밌어요 재미만있어요 게임이 재밌음 돼죠 라는 말을 하시는 분도 있을텐데 점점 가면서 트롤러가 많네요 물론 트로피 높으면 그럴 수 있다고 하는데 상대팀을 돕는 트롤러들도 많이 봤습니다. 애꿎은 제 트로피만 깎이네요 신고기능 넣어주세요 그래도 희망이 보여서 별3개 드립니다. 부탁이에요
35217,구글,부정,5,2019,2,28,"아니 시즈팩토리 모드를 만들었으면 모두에게 선물을 주던지 매칭시스템을 좋은(전설,신화, 영웅)캐릭터가 1팀 하고 않좋은(초희귀,희귀,트로피)캐릭터가2팀하면 1팀이 이길수밖에 없다고요. 그러니까 시즈팩토리 나온 기념으로 모두에게 대형상자나 메가상자를 주세요. 해줄거라고 믿습니다. 화이팅!"
35219,구글,부정,5,2019,4,14,신고기능도 없고 매일 상점에는 현질유도만하고 이게 게임인가요? 그리고 게임만 돌리면 티밍하고 상대는 지갑전사여서 레벨부터가 달라 벨러스도 파괴되고 뭐하는거죠? 전설도 잘 안나오고 정말이게임 별로입니다 하지마세요 제발 이게임 이미 망겜이고 깔아봤자 시간낭비입니다 제발하지마세요 여러분
35534,구글,부정,5,2019,4,14,티밍스타즈...지금 티밍 때문에 접을까 진지하게 고민중입니다 그리고 캐릭간 밸런스도 좀 제대로 조정하셨으면.. 레온 팸 다음은 어떤 브롤러입니까 그리고 스타파워 없는 무과금 유저 생각도 해주세요 대릴은 스타파워없으면 대레긴데 페니는 스타파워 있으나 마나고... 그리고 매칭할때 브롤러 레벨도 포함해서 팀매칭 됐으면 좋겠습니다 아무리 트로피 비슷해도 311대 754는 아니 잖아요 731 541이런식으로 매칭가능한데 굳이 저렇게 해야하는 이유라도 있나요 일단 말이 길어지긴 했지만 브롤러간 밸런스와 스타파워 편차 그리고 애꿎은 존버 플레이만 방해하는 운석보다 좀더 확실하게 심한 티밍 제재할수있는 시스템을 도입해주셨으면합니다 겜하다가 스트레스 받아서여기에 하소연해봅니다
35237,구글,긍정,5,2019,2,28,"업데이트가 이상해요 왜냐면 신규맵도 않나오고 캐릭터도 않떴어요 이런거넘넘싫어요 고쳐주세요 그리고 쇼다운,잼 그랩,하이스트,바운티,티켓이벤트등 신규맵나오는 시간줄여주세요 기다리는 시간동안 지루해요 버그도 좀있거갔고ㅠㅠ 전쇼다운 들어가는시간이 너무길어요 그래서 시작하자마자 죽은적도 많아요 언니도 하는데 언니는 멀쩡해요 언니도 신규맵이 않나온데요 어떡하든 빨리고쳐주세요 저만 그런거에요?? 전 이거많이 불편해요 앞으로 빨리고쳐주세요 그래도 게임은 재밌어요"
35558,구글,긍정,5,2019,4,13,제가 많이하던 게임이있는데 브롤스타즈에 빠져서 게임이 할게 이거밖에없어요!슈퍼쉘님 이런게임많이많들어주세요.할게임이 이거밖에없어요.그레픽도 좋고 컨트롤도 좋고 다좋아요!앞으로 이게임만 해야되겠어요!브롤스타즈 업데이트 많이해주세요.
35560,구글,복합,5,2019,4,14,저는 출시이후 부터 계속 하루에 2시간 이상은 브롤에 시간 투자를 한 유저입니다 게임은 진짜 재미있는데 문제점이 있습니다 일단 랙은 둘째치고 티밍.... 티밍은 유저들 끼리 팀을먹고 다른 유저들을 다구리 치는 비매너 행동 입니다 처음에는 봐줄만 하다가 티밍을 하는 사람들이 늘어 나서 이제는 18랭크이상 정도 되면은 아예 티밍을 안하면 게임을 하기가 힘듬니다 도데체 왜 신고 기능을 안만드는지....... 특수모드 이런거 효과 벌로 없는거 같은데 이러다가 유저 다 떠남니다 제발 신고기능좀
35566,구글,복합,5,2019,4,6,재밌는데 아니 확룔조작아님?나는 현질 했는데진이랑 칼떴는데 친구들은 현질안했는데 전설뜨는거 말이됌?그래도 재미있어서4점 줌니다.아 그리고 출석체크 만들고상점가격좀내려주세요.상점에있는 모든상품요.(상자포함.) (예(전설특가상품549보석에서350보석으로) 엄마가현질 해주는데 가격이 비싸다고합니다.(이유)보석었기개힘듬.
35574,구글,복합,5,2019,4,12,"이 게임은 GOD GAME 입니다. 그런데.. 문제가 쫌 있습니다. 1. 브롤러 확율. 저는 영웅, 희귀를 다 모았습니다. 그런데 브롤러 확율을 보니 희귀, 영웅 확율이 신화,전설의 확율보자 더 높았습니다. 이건 무슨 상황일까요? 다 모았는데 확율이 가장 높다니? 전 이해가 않되네요. 2. 브롤러 가격 저는 레온이 너무 갖고 싶어서 현질을 해볼려고 생각해보았는데... 레온의 가격이 보석 450개가 넘어서 현질하려는 생각을 지웠습니다. 65.000 원을 써야하죠... 3. 특별 이벤트시작 시간 그냥 이벤트시간이 너무 길어요. 4일이나 기다려라니... 전 성격이 급한 편이라서. 위 사항 말고는 다 좋아요! 제발 빠른 수정 부탁드립니다!."
35591,구글,복합,5,2019,4,9,아주 좋고 편리하지만 데이터와 wifi가 필요하다. 또 현질을 많이 해야 되지만 스트레스 풀 땐 가장 좋다. 그리고 현질 끝에 레온을 얻었고 트로피는 1794개이여서 저는 브롤스타즈가 너무 좋습니다. 전 브롤스타즈가 잘 만들어진 게임 갔습니다.
35604,구글,부정,5,2019,4,9,안녕 하세요 브롤을 하고았는 유저 입니다 해골천 에서 티밍이 많이 일어나서 이공지를 하게 된 것입니다 만약에 솔로 로 하는데 티밍을 하면 그곳에 운석이 떨어 지면 좋겠습니다 모든 솔로 쇼다운맵 듀오 쇼다운맵 전채에 운석모드를 항상 적용 시키면 안될까요?그리고 새로운 브롤러 2마리만 출시해주세요 또 2019년 끝날때 스킨은 멌있는걸로 해주세요 이걸 슈퍼셀 님들이 보셨으면 좋겠네요 슈페셀 아자 아자 화이팅 좋은 게임 만들자!!good game!!wow!!~~
35607,구글,복합,5,2019,4,13,진짜 최악이다 아니 다 좋은데 신고 기능이 없어서 티밍하는데 당하기만 하고 매칭도 비슷한 트로피? 390대에서 30개 차이나는게 비슷한거냐? 그리고 한판하는데 스타파워 가진 놈들이 2명정도 있는데 이건 좀 아니라고 본다 신고기능좀 넣자 주작셀들아
35903,구글,복합,5,2019,4,14,아니.... 와이파이 뭔데...게임시작하자마자 와이파이뜨고 바로죽으면 그개 게임이냐? 와이파이 풀로 터지는데 뭐 그럼 와이파이 만든 회사 탓이냐? 이상하다 싶어서 와이파이도 바꿨더니 이게 뭔데? 아니 왜 않고쳐? 그리고 내가 플레이 하고있는데 모티스가 날죽였다고 뜨는데 왜 않보이냐 모티스가? 나 피도 다차있었는데! 이게 나만 그런거면 화나진않겠는데 내친구 폰이 삼성S10인데 개도 그렇잖아 난 그냥 내폰이 뭐가 이상하다 생각 했는데 그게 아니네?! 어이가 없어가지고 하..................... 핵도있고 그리고 티밍이 너무많아서 게임을못하겠어 티밍 그거 진짜 짜증나는데 어? 브롤스타즈 진짜 재미있는데 이것들만 어떻게 해주세요 좀 고치세요. 내?! 고치라고요.
35619,구글,복합,5,2019,4,1,"브롤스타즈는 재미있는 게임입니다. 하지만 레온이 너프를 너무 많이 먹어서 약합니다. (저는 만렙인데도) 그래서 레온을 다시 모두 원래대로 하면 사기니까, 1번 너프한 상태로 바꿔주세요...... 레온은 전설이니까.... 이점만 고치면 브롤스타즈가 더 재미있어질거같아요."
34700,구글,부정,5,2019,4,12,이거.... 슈퍼셀 ㅁ띤 넘들... 하.... 제가 이걸 해봤는데 질때 휴데폰 쳐가꼬 음성 망가짐 해도해도 너무하네... 내가 페이퍼 1렙 인데 상대팀 5렙 9렙.... 벨런스 문제도 있네요 슈퍼셀 게임 중 가장 핵노잼 지금이라도 지우세여... 진짜.... 와.... 진짜 너무하시네여....ㅡ3ㅡ
35045,구글,복합,5,2019,4,15,아니 게임 캐릭터랑 맵 진짜 다 마음에 드는데 티밍이 너무 심해요ㅜㅜ 티밍땜 트로피 47점 떨어지고.. 티밍을 빨리 고쳐주셨으면 해요 그리고 해골천 맵좀 삭제 해주시면 안됄까요? 제가 티밍을 싫어해서 티밍을 안하는데 자꾸 9등만 해서 짜증나고 불편하네요..솔직히 진짜 지겨워요...한두번도 아니고 10번이 넘어서.. 그리고 이젠 팸도 티밍을 하네요 팸 진짜 좋은 캐릭인데 팸 티밍도 심하고요.. 그리고 저 아직 트로피 좀 적은데요...벌써 티밍 하네요 티밍은 재미로 하는거 알아요 근데 그걸 당하는 사람이 좀 빡칠듯 하네요 제발 티밍 고쳐주셨으면 합니다.. 그리고 어이가 없는게 듀오에서 티밍은 뭐예요..솔로 쇼다운은 뭐 놀랄꺼 없어요... 뭐 이미 있던건데 근데 듀오는 정말 아닌거 같아요..그렀다고 솔로티밍은 괜찮다는건 아니예요 그리고 저가 듀오를 하는데 랭커분들이 티밍을 하시더라구요 그것도 듀오...테드님 유트브에서 나왔겠지만 랭커분들이랑 듀오해서 정말 좋았는데... 꼭 티밍 고쳐주세요
35356,구글,부정,5,2019,2,28,아니 오늘 첨 깔았는데 업뎃을 하라했는데 스토어에 열기버튼만 뜹니다 그래서 다시 지우고 깔아봤는데 계속 업뎃 하랍니다 이거 어떻게 된거죠?? 망겜 이라고 하는이유가 있었군요 겜 자체가 망겜이네요 이 싸갈때기 없는 게임 에휴 별 한개도 안주려고 했는데 리뷰달려면 별한개 이상은 필요하네 .. 하 .. 별 이 정 말 아 깝 다 .. 삭제 합니다
35357,구글,긍정,5,2019,4,15,"정말 재미있는 게임입니다. 개발자님의 IQ가 어떤지도 잘알거같은데요! 닉네임변경에서 조금 아쉬운점이 있어요 , 1번밖에 못한다는겁니다. 클래시로얄에서는 보석 500개로 바꿀수있듯이 보석을 모아서 바꿀수있으면 좋겠네요 기대할게요 브롤 화이팅:>"
35363,구글,복합,5,2019,4,7,게임은 재미있다 브롤러마다 각자의 재미가 다르다 또한 각 브롤러를 어떻게 사용하냐에 따라 승패가 갈리는 게임 하지만 쇼다운에서 서로 팀을 맺는 행위인 티밍이란 문제점을 해결하고 팀원의 실력을 비례하여 매칭해주길 바랄뿐이다 3000점찍기 어렵지 않은데 정말 많은플레이어들을 만나보면서 트로피만 높지 실력은 좋지 않다는 생각이 많이들었다. 좀 미안하지만 수준 이하다 팀 실력간의 밸런스가 안맞다 어떤 모드든 팀원 한명이 큰 차이인데 1명때문에 다른 여러명이 피해를 본다. 슈퍼셀은 위의 티밍과 팀원 밸런스 문제를 해결해주면 좋겠다.
34761,구글,복합,5,2019,4,15,"안녕하세요. 400점 유저입니다. 브롤스타즈를 재미있게 하고 있는데 시작하는데 6/6 다 모였는데 5분 지나도 게임 시작이 안됩니다. 그리고 트로피따라 다른 플레이어도 같은실력,비슷한 브롤러로 게임하게 바꿔주시면 감사하겠습니다. 400점인데 상대에 다이너마이크가 있어서 고생을 했습니다. 하지만 그것말고 다 재미있습니다."
34783,구글,복합,5,2019,2,28,와 이렇게 재미있는줄을 상상도 못했습니다! 다만 와이파이가 살짝안터질때는 쫌 그래요 그리고 2/27일 업데이트가 있었습나다. 근데 업데이트하고 들어갈려고 했는데 안들어가집니다 그래도 그 오류를 고쳐주시고 더욱 발전하는 브롤스타즈많이 따랑해요
35073,구글,부정,5,2019,4,10,처음에는 재밌지만 중간쯤에는 트로피를올려도 보상은거지같다 그리고 겜임하는 도중에 비매너 게임들하는 사람들때문에 트로피를 계속 잃게 된다. 그리고 상자깡을 아무리 까봐도 전설단 한명도 안뜬다 보석을 모아서 메가상자를 까봐도 역쉬다 힘들게 모은 보석인데 어떻게 안 뜰수가 있나 그리고 출첵이벤있었으면 좋겠다. 슈퍼셀은 대체 뭐하자는건지 즉 결론은 이게임은 심심할때 하는게 좋고 막 오래하고 싶다면 현질을 해라
34801,구글,부정,5,2019,2,28,1000점이 넘어가면 너무 어려워 지고 트로피 차이가 너무 많이 나는 유저들 도 매치 매이킹에 들어와요. (솔까 나 지금 1034점인데 2000점 짜리 다이너 마이크나 3000점 짜리 브록한테 죽으면 개빡침 패치좀부탁합니다. 솔직히 너무 어려워요.)
35404,구글,부정,5,2019,4,5,아니 상대는 다 파이퍼같은 좋은 예 있는데 왜 저는 없죠? 저 트로피 1500인데 초희귀 한개 희귀 3개 밖에 없다고요.... 제가 운이 나쁜건지는 모르겠지만 이건 인간적으로 너무한잖아요.... 빨리 이 리뷰 보면 저한테 새 브롤러좀 주세요. 저 닉넴 hajun2009 입니다.
35405,구글,부정,5,2019,2,28,재작자분께 말씀드립니다. 저 업데이트 하려고 했는데 열기 부분에 업데이트라고 떠야 하는데 그냥 열기라고 돼있어서 게임을 진행하지 못하고 있습니다. 고쳐주세요. 그리고 제가준 별점은 업데이트 문제와 상관없이 오직 게임 플레이에 대한 점수입니다.
35408,구글,긍정,5,2019,4,15,"이게임 처음앤 제미없네 라고 생각 했는데점수가올라가다 보니까 재밌게 하고있어요 슈퍼셀 화이팅!!!!!!!!! 그리고 전설,신화,영웅 너무안나오는것같아요ㅠㅠㅠㅠㅠㅠㅠㅠㅠㅠㅠㅠㅠㅠㅠㅠㅠㅠㅠㅠㅠㅠㅠㅠㅠㅜㅠㅠㅠ ㅡ2ㅗㅛㅛㅛㅛㅗㅛㅛㅠㅜㅠㅠㅠㅠㅠㅠㅜㅡ브롤러영웅1도없음 ㅠㅠ(전설도,신화도)ㅠㅠ ㅠㅅㅠ"
35414,구글,복합,5,2019,2,28,"나머지는 다 좋은데요, 신규맵 다시 나오는 시간이 메인로비에서 보는시간과 게임선택 화면에 나오는 시간이 다릅니다. 이게 버그인지는 모르겠지만, 버그면 제발 빨리 수정해주시기 바랍니다. 사랑해요 슈퍼셀!"
35717,구글,복합,5,2019,4,13,좋은데 와이파이가 2 칸이면 렉 걸리고 끊기고 4 칸이면 아예 안되고 난 항상 할때 않좋은 플레이어가 나와서 거의 진다. 나만 잘하고 딴 애들이 못해서 지는 경우가 많은데도 1000점 되긴 하는데 이 쉽고 재밌는걸 못한다. 지는거 보면 넘 어이없다. 테스트 받고 들어갔으면 좋겠다는 생각이 듭니다 그리고 업데이트 이후 튕깁니다! 팀원 그리고 구리게 짭니다! 난 잘하고 나머지는 못하고 한쪽은 너무 못합니다!클로는 좋았는데 아니 그러고 현질 뭡니까? 못하게 쯤 만들고 너무 유저들 못하니까 테스트 실행쯤 하세요! 그리고 항의글 많은니까 좀 고치세요!
35722,구글,부정,5,2019,4,12,트로피를올리고 싶은데 우리팀이랑 상대팀 실력차이가 너무 심합니다 거짓말이 아니라 저는 진짜 2~3인분 정도 하는데 우리팀 2분이 -2인분씩해서 충분히 이길수있어도 못이깁니다 그냥 1인분만 해도 되는데... 욕은 박고싶어도 그런기능이 없고..... 너무힘이들어요 게임을 이길려면 제가 멱살잡고 캐리해도 이길듯 말듯한데 게임을 즐기면서 하고싶은데 자꾸 빡겜을 하게되네요 매칭좀 실력비슷한 사람이랑 하게해주십쇼 아니면 팀원과 소통할수있는기능을 만들어 주십쇼(욕 쓸수있게) 제가 참다가 결국 리뷰를 남기게 되었네요 개선해주시면 감사하겠습니다 사랑해요 브롤스타즈~♡
34811,구글,복합,5,2019,4,9,게임 정말 재미있게 하고 있습니다. 그런데 랭크가 높은 캐릭터를 하게 되면 점수가 떨어질까봐 불안에 떨며 게임을 하게 되더라고요. 좀더 편하게 할 수 있도록 타 온라인게임들처럼 랭크전 일반전 나눠주시면 안될까요 마지막으로 재미있는 게임 만드시느라 수고들 하십니다.
35734,구글,부정,5,2019,4,15,보석으로 브롤러를 샀는데 보석은 없어지고 브롤러는 추가되지 않았고 원래있던 그대로네요...반년동안 이게임하면서 한번도 안쓰고 모은 보석으로 고민끝에 산 브롤러인데 실망스럽네요. +) 제가 이렇게 글 썼는데도 불구하고 고쳐지지않았네요. 게임하는 사람들이 남긴 리뷰 읽지도않고 관리도 제대로안하는거같네요. 제가 게임을 좋아하는 편이 아니였는데도 브롤스타즈는 살면서 제일 길게했던 게임인데 정말 실망했고 이 게임 다시는하고싶지 않네요; 브롤스타즈 삭제하겠습니다
35744,구글,복합,5,2019,4,1,"참..하다가 빡쳐서 리뷰 남기네요. 일단 게임은 나쁘진 않습니다. 대기업 슈퍼셀에서 만든거니까요 근데 여러모로 불편~한 부분들이 좀 많아요. 먼저 매칭 시스템. 팀원들이랑 캐릭터 조합을 맞춰볼 수가 없어요. 조합이 중요한 게임이라고 생각하는데 매칭 시스템 자체가 복불복이니 조합이 너무 운... 케릭터가 더 많이 만들어져서 롤같이 조합을 맞춰볼 수 있고 벤같은것도 할 수 있었으면 좋겠네요 두번째는 보상. 클로얄할때는 한판이기면 바로 상자획득, 그리고 새로운 캐릭터도 얻기쉬웠지만 보롤은 상자얻기도 힘들고 상자 내용물도 너무 창렬이라 할맛이 안나요.. 클로얄이나 클오클할때는 내 캐릭이 조금씩 성장한다는 성취감이 있었는데 이 게임은 그런게 왠지 없네요..(주관적인 생각입니다) 그리고 세번째는 게임의 매력이 부족하다는 점. 슈퍼셀에서 출시했던 지금까지의 게임들과는 달리 플레이어가 사용할 수 있는 전략이 한정되어있어요 쓸말이 많지만 댓글수..슈퍼셀이라는 간판붙이고는 솔직히 별5개는 아깝네요."
35440,구글,복합,5,2019,4,15,슈퍼셀 클래시 오브 클랜부터 플레이 해온유저입니다. 정말로 게임잘만들죠 그런대 밸런스망했내요. 보스전에서 보스죽이는데 마스터까진 할만합니다. 그런데 캐릭터 래벌때문인지 그다음 부터는 힘들어집니다. 그리고 랙은 왜이렇게 심합니까? 핸드폰도 쓸만하고 와이파이도 잘되는대 2~3판중에 한판은 무조건 적으로 랙이걸립니다. 그리고 보석도 정말로 극악에 확율로 뜨는대고작 2~3개가 나옵니다. 조금만 확율좀 올려주세요. 캐릭터 나오는 확율은 제운탓도 있지만 조금은 높혀주세요. 그러면 좋겠습니다. 그리고 스타 토큰같은건 조금만 시간을 단축시켜주세요. 그러면 정말 감사하겠습니다. 부디 저희 생각에 좋은 게임회사로 남아주시기 바랍니다. 더욱더 발전해나가는 슈퍼셀 기대하겠습니다.
35170,구글,부정,5,2019,4,15,갤10+ 유저입니다. 패치이후 UI배치가 엉망입니다. 해상도 관련 이슈로 인해 스틱도 인식되었다가 안되었다가 합니다. 덕분에 트로피 100개이상 까먹었네요 감사합니다. 아주....갤럭시S10+가 나온지가 한달이 넘었는데...기기마다 해상도 적용하거나 아예 스크립트상에서 기기 해상도 읽어들여서 비율로 조정하는거 있는거 뻔히 아는데 패치때 QA도 안하고 넘기다니 잘하는 짓입니다. 아주... 그리고 네비게이션 바 띄워서 조작하려고 하면 심심하면 플레이 버튼 눌리네요. 아예 플레이 버튼 위치는 상단으로 배치하는게 오작동을 줄일 방법 같은데요
35776,구글,복합,5,2019,4,13,"제발제가잡속은했는데반에서도멈추고그렉만고쳐주시면재밌고즐거운브롤스타즈가될것같습니다제발그랙만고쳐주세요저의소원이이것이십니다그랙만더고쳐주시면더재밌고즐거운시간이랑좋은추억이많이도담길것같습니다더엸 ㅁ히노력해주세요제발요그럼브롤스타즈별☆☆☆☆☆1..2...3...4....5....아별5개를눌려주겠습니다딴랙도고쳐주시면도감사하겠습니다브롤스타느,훨신재밌고훨신좋은브롤스타즈,꼭,꼭,만들어주시면너어어어ㅓㅇ무나게좋가고생각하겠습니다그리고딴치구폰으로 해보니깐,정말정말좋고좋은브롤스타즈이였습니다ㅜ,렉,꼭오오ㅗ고고고ㅗ오4ㅗ오고ㅗ경여ㅗ여고야ㅗㄱㄱㅎ고쳐주시면정말로감사하겟습니다 제가말하려고합니다 저는친구폰으로할때마다이폰으로킹려고했습니다. 거기서문제죠 저는브롤스티즈를할려고합니다근데1번만에반으로가고그다음엔... 하...안가졌습니다 ㄱㅡ래서제가 브롤스타즈를점점싫어집니다. 제발고쳐주시고요, 왜,..왜,..저만...왜...이.....렉이걸리죠? 이런생각에 브롤스타즈가잘못한게아니다라고 생각했습니다 왜냐하면.. 이폰이렉이많이걸리는것겠죠.이상"
35188,구글,복합,5,2019,4,13,좋긴 한데요 아직 초보인데 전설이 상대방한테가고 그리고 고수하고도 싸우고 그래도 재밌긴해서 별 3개줘요 근데 진짜 짜증나는 점은 제가 오빠하고 친구추가 했는데 오빠가 트로피가 많아서 자뚜 고수들한테가는거예요 그점이 너무 기분나쁘고 트로피 많다고 고수들한테 꼭 고수하고 싸우진 않게 해주세요. 약간 그 점이 불편해요 그 점 고쳐주세요.
35195,구글,부정,5,2019,2,28,데이터로 하는데도 렉이 걸리는 현상. 와이파이 4칸인데도 렉이 걸리는 현상. 이건 서버 문제가 아니면 설명이 안된다. 서버 관리좀 똑바로 했으면 정말 좋겠다. 물론 게임의 완성도도 좋고 정말 재밌다. 이점만 고쳐준다면 더 많은 사용자들이 즐길 수 있을 것이라고 생각한다.
38451,구글,부정,5,2019,4,4,아니 와이파이 표시 뜨면서 랙이 엄청걸리네요 이거 수정 안하십니까? 와이파이 공유기 제옆에 있는데 와이파이 표시가 왜 뜨죠? 그냥 랙걸리는데 와이파이 핑계대시는 겁니까? 덕분에 트로피많이 깎였네요 이거 수정좀해주세요 제발
38452,구글,복합,5,2019,2,28,업데이트돼서 신났는데 앱을 중지했습니다만 뜨네요ㅠㅠ제발 빨리 고쳐주셨으면 감사하겠습니다.그리고 별을 5개들인 이유는 제가 브롤스타즈 정말 좋아하기 때문입니다.빨리 고쳐주시면 정말 정말 감사하겠습니다.
38754,구글,복합,5,2019,4,15,제가지금이게임을하면서느낀점만간단히쓰게요. 장점:재밌고브롤러들에특성이다양하고업데이트를잘하고많이퍼부어주고이게임덕에요즘유튜브잘도라가는것까지장점 단점:가끔에렉 현질한사람과현질안한사람에차이 가끔에버그가단점입니다. 하지만이게임은한마디로신에게임입니다. 그만큼재미있어요
39490,구글,부정,5,2019,2,28,여러분 이 게임 하지 마세요 어제는 게임부터 문제 있더니 이제는 계정도 돌려주시도 않네요 페북 연동이랑 구글 연동까지 했는데전에는 깔고 지워도 돌려주더니 이제는 돌려주지도 않네요 제가 이 게임도 든 시간과 노력 돌려주세요 진짜 화가나네요 제가 좋아하던 게임이 이런식이니 2200후반대 K.O클럽 대표 산호수3입니다 빠른시일네에 복구해주세요.
39192,구글,부정,5,2019,4,15,렉이 굉장히 심합니다 얼마전 까지만 해도 없었던 렉이 요즘들어 너무 걸립니다. 서버문제가 있는것인지 저의 스마트폰이 문제인지는 모르겠지만 만약 서버문제라면 빠른시간 내에 처리 해 주시기 바랍니다. 재미있는게임 항상 감사합니다.
39204,구글,부정,5,2019,4,14,아니와이파이풀인데왜자꾸안된대쇼다운돌리면5등하고내가4600인데800으로내려가진짜짜증나서못하겠네패치좀해라배그들어가면잘돼는데렉도없고이게임만들어오면안되짜증나잘좀만들어라와오이파이가되는대대데이터무제한인대도안되고진짜재대로좀만들어라라와와이게임다시만들서요겁나짜증나님이한번해보새요진짜짜공유기바로앞에서해도안된댁 진짜게임 못만드네에휴재대로만들어주세요그리고유성우에서나한테만떨어져진짜쓰레기같은
39206,구글,부정,5,2019,4,14,슈퍼셀 양심도 없냐 어떻게 상자 50개에 거대20개를 뽑았는데 캐릭이 하나도 안나올 수가 있지?영웅 하나도 안나온거 실화냐고 ㅣㅣ확률이기 때문에 잘 나오지 않습니다 이런 뻔한 답변 내놓지 말고 그거 때문에 내가 1점 준거니까 아 맞다 수퍼셀은 양심이 없어서 메크로로 죄송합니다 이런거나 보내겠지 슈퍼셀 보고있으면 확률이나 올려라 암튼 난 접음.
39208,구글,부정,5,2019,2,28,여러분! 저처럼 업데이트후에 자꾸 중단 됐다고 뜨면서 안들어가지는 안드로이드 유저들을 위해 트위터 에서 업데이트 중이라고 합니다. 빨리 업데이트 됐으면 하네요!!
38904,구글,부정,5,2019,4,15,버그리포트. 특수공격 쓰고 곧장 일반공격하면 특수공격이 캔슬되는 경우 발생(팸으류 플레이 시 확인됨). 점프대 사용후 착지시 이동속도 저하 발생(버그인지 의도된 사항인지 모르겠음)
38282,구글,복합,5,2019,4,15,ㅡ.ㅡ;;; 게임은 재밌는데.. 업데이트가 안돼서 못하고 있네요 ㅠㅠㅠ...로사 캐릭터가 나와서 궁금한데... 업뎃이 안돼요ㅠ.....ㅡ.ㅡ;; 게임 못 하고 있어요 ㅠ..전원 꺼봤는데 안돼요..브롤 업뎃 할려고 게임 3개나 삭제 했는데.. 어떻게 좀 해주세요 불편 합니다만 ㅠ..이게 무슨 일이 죠? 진짜 잼나게 하던 게임인데.....ㅠㅠㅠ 업뎃좀요....빨리 겜 하고 싶어요 ㅠㅠㅠㅠㅠ......
38913,구글,부정,5,2019,4,11,아니 티밍이 전략적이고 합동적인 게임이라고요? 그리고 현질유도가.. 진짜 망겜이네요 적어도 별2개는 드리겠습니다. 문제점 1.게임플레이가 이상함 2.매칭이 왜이럼? 3.신고없냐 4:질림 5.티밍 좀 고쳐라 망퍼셀아 6.벨붕 7.극악인 확률 8.아니 시즈 뭔데 트로피가 10이나깎이네 9.젬그렙 10.트롤들 최악이네요 평점 2/10 슈퍼셀게임중 브롤스타즈 포함하여 7/10개가 망했습니다.
38319,구글,복합,5,2019,4,13,슈퍼셀님 다름아님 문제가 있습니다 와파렉이 너무 심합니다 이것 때문에 너무 많이 졌어요 이제 막 보를 얻었는데...... 와이파이 확인해보면 좋음 이라고 뜨는데도 말이죠 그런데 짜증나는것은 전투가 끝나면 렉이 걸리지가 않습니다 해결해주세요
38940,구글,복합,5,2019,2,28,정말 재밌어요. 그런데 업데이트를 하고 나니까 어플이 아예 열리지가 않아요. 이게 무슨 일이죠??? 혹시나 해서 삭제하고 다시 깔았는데도 안 열려요. 너무 짜증나요. 이제 이 게임 그만할 때가 된 건가 싶네요.
39265,구글,복합,5,2019,4,15,망했다 내인생최고의게임은 로블록스였는데 브롤스타즈로 바뀌어버렸어 근데 와이파이문제좀 어떻게해주시면 안될까요? 그것때문에 쇼다운에서 상자를 빨리못먹거나 가만히있다 죽어요 그것만 빼면 만점 ㅎㅎ 티밍은 유저들이 하는거니까 제작팀에서 어찌할수없는게 이해되요
39270,구글,부정,5,2019,2,28,우리집 아들이 아주아주 열심히 하다가 어제 업뎃이후 접속이 안되는 현상이있었습니다. 갤럭시 노트3 였는데 접속이 실패하다 보니 폰문제인줄알고 브롤스타즈를 삭제후 재설치 했더군요 역시나 접속은 되지않았고 오늘 오전 일어나자 마자 접속하니 캐릭터는 초기화 되어있고..아마 구글 연동도 안했을겁니다....그 실망감이란......별도의 qa를 진행안한건지 모르겠으나 이렇게 한명의 아이에게 큰 슬픔을 주셨네요
39275,구글,부정,5,2019,2,28,게임 재밌게 하고있었는데 업데이트하고 접속자체가 안되서 지우고 다시 깔았는데 트로피 1000개까지 모았던거하고 케릭터가 다 날라갔네요 ㅠㅠ 복구 안되나요???? 제발 부탁드립니다
38332,구글,부정,5,2019,2,28,드디어 다시 게임됩니다 ㅠㅠ업데이트하다 중지되더니 그후로 게임이 안되더라구요 계속 게임자체가 시작이 안되서 엄청 고생했어요 결국 핸드폰용량초과로 사진 전부 삭제후 다시 업데이트받고 게임시작됐어요 ㅠㅠ 핸드폰용량 정리들하세요 여러분 이게임하겠다고 ㅠㅠ
38656,구글,부정,5,2019,4,2,저기여 제가트로피가 1801겐데 브롤러가 10게에여 지금 다 200백개 하느라 너무힘듬니다 지금까지 오는데 너무힘 들엇는데 신깨는 하나도 않뜨고 째가 힘들어도 너무 힘듬니다 전 초히기가 페니 박에 업는데다 레벨도 적고 너무힘듬니다 상자패치좀 해주세요
38666,구글,부정,5,2019,4,5,일본 서버 중국 서버좀 나눠주세요 아무것도 안하고 구경하거나 잠수타는 일본 중국인분들이 많이 보이며 3대3게임이 아닌 3대2 3대1게임도 해봅니다 그것이 안된다면 차라리 신고기능을 만들어 제재를 주신다든가 해주세요. 조금더 원활한 게임을 위해 기능을 좀 추가해주시길 바랍니다
38956,구글,부정,5,2019,4,15,저는 브롤스타즈를 한 3~4개월한 유저입니다 제가 항상 솔로쇼다운을하며 느낀건데 티밍이 너무 많아진거갔습니다 빠른조취를 하시는게 좋을듯해요 티밍만 빼면 저는 너무 좋은게임갔습니다.
38968,구글,부정,5,2019,4,15,와 진짜 처음에는 정말재미있었는데 똑같은것만 반복하니껀 별로 쟈미가없네요 하면할수록 스트래스만므받고 그래서 티밍문제를 해결하는방법을 알아냈어요 1으음... 신고시스템보다는 이게 서로싸우도록 하는것입니다 한마디로 파워큐브의 능력을줄이고 상대방을 죽이는데 더주고 아니면 킬점수 생존점수해가지고 하는것입니다 1킬당1점으로 하면 적당할까 샹각합니다 감사핮니다
38969,구글,복합,5,2019,4,14,안녕하세요 저는 브롤스타즈를 사전예약해서 재밋게하던유저입니다. 그런데 제가 폰용량이 부족해서 구글계정에 저장을하고 삭제을햇는데요 용량을비우고 다시들어갈려는데 제본계가 삭제가되고 다시하라더라고요 다시복구해주실수없나요 제본계정을??
39278,구글,부정,5,2019,2,28,"저기... 이번 업데이트는 더 최악 인데요... 이번에는 게임 자체가 안되네요... 들어가자마자 바로 중지 됬다면서 튕기네요... 그래서 없앴는데, 다시 다운받고 들어가도 똑같네요... 브롤러 많은 계정이라, 한시도 빨리 고쳐주시면 좋겠습니다..."
38673,구글,부정,5,2019,4,7,렉이 완전 많이걸리네요. 이길수 있는 게임도 지고 피할수있는 공격도 못피하고. 게임은 5점인데 서버가 다 말아먹네요. 나머진 칭찬함 무과금도 쉽게 즐길수 있음.
38678,구글,긍정,5,2019,4,6,캐릭터도많고여러가지맵도있어서좋습니다!등급도있어서좋구요!확율이낮아상자갈때마다긴장돼요!!!!!!업데이트하여더마른것을보여주세요!!!
38684,구글,부정,5,2019,4,13,이 게이을 깔아야 하는 3가지 이유 1.상자 깡할때 신규 유닛 나올때 그 엄청난 짜릿한 느낌 2. 브롤스타즈 하면서 1등 하면 엄청난 뿌듯함 3.트로피를 많이 올리면 브롤러들이 친추를 걸면 네가 인기 스타 느낌 이 3가지 때문에 네가 지금 까지 브롤스타즈를 하는 것같다^^
38689,구글,복합,5,2019,4,2,브롤스타즈 관계자님 개임 재미있고 좋은데 딱 한가지 아쉬운 점이 있습니다. 친구들과 같이 할때 3명에서 하면 나머지 애들과 같이 하고 싶은데 3명밖에 안되서 아쉬워요. 그러니 4인스쿼드로 해주세요. 감사합니다.
38690,구글,부정,5,2019,4,15,다좋은대요....그런대 대형상자 를 보니까 전설나올 확률이 1%도아니고0.1%네요 그리고 브롤러가 없으면 전설나올확률이 높네요 그런대 억지로 브롤러가 얻게되요........ 그래서 수정해주시면 감사하겠습니다
38995,구글,긍정,5,2019,4,15,"브롤스타즈를 깔고난뒤,엄청 자주 플래이하고있는 한 유저입니다.이 게임 넘 재미있고요~♡왠지모르게 할 게없네...라고 생각하면 제일 먼저 생각나는게 브롤인거 같아요♡~♡ 업데이트 버전에신규캐릭터와 스킨 모두 기대되네요~앞으로도 재미난 게임 만들어주세요~~~!"
39328,구글,복합,5,2019,4,15,와.....겁나재미있어서 3000트로피3~4일만이 모았어요~근데..전설..ㅜㅜ얻고싶은데 50?개쯤 깟는데 안나오네요ㅜㅜ 머 이건 운이니까...ㅎ....근데 브롤볼중에 자기 자신팀골에 자살골 넣는사람이 있는데요...자살골은 안돼게하면 안돼나요??
39333,구글,복합,5,2019,2,28,여기 이거 왜 저 아는 형만 지원보상 500보석 주나요??? 이거 이형이 1만원 현질해서 월켐팩 5900원에 질렀는데 메가상자 2개하고 170개 질렀는데 그날 이형먼 브롤 들어가지고 160개보석 들어왔다네요?? 근데 다음날 지원보상 어쩌고 하면서 500보석이들어오더라고요 이거 뭡니까?? 겜망한겁니까?? 이거 슈퍼셀 갑질인가요?? 이거 문의해도 해결안될게 뻔하지만 이거 진짜 저도 현질 진짜 8만 5천정도 했눈데 이형은 고작 5900원가지고 이러시면안되잖아요 500지원 진짜 뭡니까 답변해주세요 진짜 나도 질렀는데 한사람만 준거같은데 주실거면 다 주셔야죠 답변 꼭해주세요
38395,구글,부정,5,2019,4,10,좋기는 한데 단점이 지웠다가 깔면 다시 연동이 안된다는 점입니다. 제가 한번 지웠다가 깔알는데 계정이 연동이 안되더라고요 그래서 이런 계정 연동도 고쳐주셨으면 합니다.
38714,구글,부정,5,2019,4,12,"신규 잘나오게 해주세요.그리고보석도요. 저동생은 크로우,팸,칼까지있는데 저는 초희귀하나에 희귀세개, 트로피친척도 밖어없어요ㅠㅠ 스파이크라도 나오게 해주세요. 바운티 난이도가 어려워서 못하겠어요. 난이도를 낯춰주시면 감사하겠습니다."
38722,구글,부정,5,2019,2,28,딸아이 계정이 지금 아예 되질 않습니다. 어제 업데이트 이후 브롤스타즈 중지됨-앱 다시 열기만 계속 뜨고 있습니다. 혹시나 싶어 어플 삭제후 다시 다운로드를 했는데도 똑같은 상황입니다. 핸드폰 전원 껐다 켰다 다 해보았습니다. 딸아이는 하루가 지난 지금까지 브롤이 열리질 않으니 자기 브롤러들이 다 날아간건 아닌지 걱정하고 있습니다. 대체 뭐가 문제인건가요. 문제가 발생한게 맞다면 빠른 복구 부탁드립니다
38723,구글,부정,5,2019,4,1,"아니 진짜 너무한거 아니냐? 아니 무슨 내가 작년 8월부터 했는데 일반,희귀만 다있고 트로피 올려서 받은 브롤러 말고는 초희귀가 단 1개도 안뜨는게 말이되냐? 5000원 현질해서 겨우 페니 한장뽑고..어휴 이러니깐 망겜이 되가는거지 아무리 노력해서 상자를 매일 까봐도 안뜨는데 친구는 하루만에 희귀1장이랑 신화뜨던데 그것도 1시간만에 이게 게임이냐? 그냥 망해라 망퍼셀"
38727,구글,복합,5,2019,4,7,이 게임 너무 재미있고 좋은데 티밍 좀 사라지게 해주세요. 솔로쇼다운을 하면 사람들이 다 티밍하자고 하고 심지어 듀오쇼다운도 이제 티밍을 해서 진짜 짜증이 나요. 하지만 그것 빼고는 다 괜찮아서 별5개 드릴게요
39009,구글,복합,5,2019,4,8,"안녕하세요 저는 브롤스타즈를 플레이 하는 초등학생 유저입니다. 브롤스타즈가 아주 재미있고 그래픽도 좋고 핵도 거의 없지만 조금 흠이 있는거 같네요. 제가 브롤스타즈 나온 후에 1-2달 지나고 시작했는데 제가 게임을 잘 못하기 때문에 지금 트로피가 1900이에요. 그런데 제가 캐릭터가 11개 밖에 없어요. 많을수 있을 수도 있지만 초휘귀는 리코, 패니로 해서영웅, 신화, 전설 이 없어요. 제가 정상적 일수도 있겠지만 제가 슈퍼셀 계정도 연동하고 보석 모아서 메가상자도 까고 계속 접속 했어요. 다른 유저들도 이런줄 알았지만 제가 학원을 다니다 보니 친구들이 브롤스타즈 대기화면에 영웅,신화,전설의 캐릭터가 있네요. 제 친구들이 운이 좋은건진 모르겠지만 저보다 트로피도 낮고 저보다 늦게 시작했는데 신규브롤러인 칼이 있네요.제가 상자를 모아 까보기도 안한건아닌데 친구들이 좋은브롤러로 절 계속 죽이니 진짜 속상합니다. 아무리 확률이 낮다해도 이건너무 현질유도 같네요.좀 확률을높여주시면좋겠네요"
38729,구글,복합,5,2019,4,15,아니 브롤 을 하면서 느끼는 건데 솔직히 재미는 있음 근데 업데이트 할 때마다 버그 걸리고 렉 걸리고 계속 서버점검 할거면 업데이트 를 왜 함? 그리고 내가 크로우 450 점인데 티밍 하는 애들 다 신고 버튼 만들어가지고 없애버리고 싶음 맨날 브롤 하다가 개빡치는 데 티밍 때문에 그리고 무슨 업데이트 할 때 궁극기 가 순간이동 같은 참신한걸 좀 만들어라 솔직히 관계자들 서버 관리좀 하고 젬그랩 좀 재밌게 만들어라 그리고 시즈는 처음엔 보상 두배 로 준다길래 개꿀 하면서 시즈 돌렸는데 게임은 2분이상 걸리고 지면 트로피 10 날리고 이기는 건 거의 없음 트롤 땜에 맨날 12분에 40점 떨구고 티밍 막는다고 유성우 떨어뜨림면 뭐하냐 어차피 그거 못피하는 건 그냥 브롤 접어야되고 유성 우 떨어뜨리지 말고 걍 신고 버튼을 만들어 이 댓글 보고 본사에 전해야 슈퍼셀 이 망겜 안 만들려고 노력하겠지 근데 도 안하면1년 이내에 게임망함 하는 사람들이 없어질 거임 ㅇㅋ?
39037,구글,복합,5,2019,2,28,"재밌고 친구들과 함께 해서좋은데 저는 상자에서 전설,영웅,신화,는 안나왔어요 트로피가1267인데...그래서 저좀 상자에서 전설이 나오면 좋겠어요 꼭 부탁드릴게요~~~"
38121,구글,부정,5,2019,2,28,업대이트되고 나서 완전히 다른게임이 되버림 그 브롤스타즈의 특유의 재미는 사라지고 밸런스 패치나 열심히 해주지 이상한 모드 계속 집어넣고 재밌으면 모르겠는데 재미도없다.비유하자면 콘칩와사비맛이랄까.이런 타령해봤자 볼지는 모르겠지만 이렇게 말하는 것도 이게임을 정말 좋아하고 재미있게 했던 사람이라 말하는거다 제발 하던데로만하자 이상한거 넣서 새로운 업데이트 새로운 **모드이런거 그만좀 하자구... 힘들게 그러지말고 맵만 재밌는걸로 넣어줘요 이상한 트렙이나 포탑같은거 하지말고; 글고 와파문제 아직도 안고치고;;; 기본적인건 갖추고 뭘 해야 그게 뒷받쳐주지 이런식으로 운영하면 진짜 반짝 거리고 끝남 진짜로---
38139,구글,부정,5,2019,4,15,트로피 올리는게 갈수록 너무 힘들어지다 보니 게임을 지면 스트레스만 받고 다시 올리기도 힘들고 그냥 접는게 낫다는 생각이 자주 드네요. 트로피 시스템 변경이 필요하지 않을까 싶네요
37221,구글,복합,5,2019,4,4,다른건 좋은데 너무 밸런스가 안맞는 것 같아요 제 트로피 때 애들은 브롤러가 20개넘는데 저른16개에요 그래서 너무 트로피 올리기힘들어요 그리고 pp레벨이 다른애들은 8인데 저는 여러명이 5나6이에요 빨리 밸런스 맞게해주세요 제발요 부탁드립니당
37862,구글,부정,5,2019,4,3,요즘 어린아이들이 많이하는 게임중하나인 브롤스타즈 문제점이있습니다 전에쓰던 계정의 게임데이터들이 사라져버렸습니다 와~ 너무나도 놀라워요! 게임을 다시시작하는기분!!정말이지 최고중 최고야!!!
37863,구글,복합,5,2019,4,2,운영자님 게임자체는 잘만들고 재미있는데 전설 확률이 너무 적은대 어떻개 생각하시죠? 0.0832 그 확률을 현질 안하면 영영 못얻어요 그래서 브롤도 점점 망해가고 있고요 전설 확률을 올리던가 아니면 전설을 주던가 꼭 하세요 그래야 게임 다시 살아날것입니다.감사합니다.
37866,구글,복합,5,2019,4,15,재미있지만취소를눌럿는데 세게임이시작되고 여러가지안좋은점이있엇습니다. 데이터5기가들어와서 신나게 게임하는데 2~4초마다 렉걸려 사망해요. 수정좀 부탁해요.
38159,구글,부정,5,2019,2,28,로딩창에서 업데이트하라고 뜨는데.. 막상 업데이트하러오면 이미 최신 버전이라 열기밖에 안됨.. 다시 열면 또 업데이트하라고 보내버림.. 게임을 들어갈수가 없네요.. 빨리 고쳐주세요!!
38163,구글,복합,5,2019,4,14,재밌습니다. 하지만 자꾸 와이파이가 잘 터지는데도 불구하고 게속 와이파이렉이 걸립니다. 그래서 하기 싫어질때가 많습니다. 이 문제를 빨리 개선해주셨으면 좋겠습니다.
37570,구글,복합,5,2019,4,15,브롤스타즈를 재밌게플래이하는 유저입니다 근데 한가지 문제점이 업데이트하고 게임을 들어갔는데 와이파이는 4칸이고 다른 앱도 잘돌아가는데 갑자기 서버오류뜨고 다시 접속하라고 하더라고요.. 업데이트전까지는 잘돌아갔는데 업데이트되자 서버오류뜨면서 안들어가져요 이거 저만 그런가요 슈퍼셀운영자님 이글을 보고 고쳐주었으면 합니다
37894,구글,복합,5,2019,4,2,안녕하세요 슈퍼셀님 저는 즐겜하는유저입니다 요즘 현질 95만원을 해서 케릭을 다엏은 만족스러운 상태인데 혜자게임이기도하고요 하지만 레온이 너프를 너무 많이먹슾니다 엘프리모도 못이기구요 그리고 케릭터 스킨가격좀 낮추어주세요 그리고 시작할때 1~2초 느려져요 이거 수정부탁드립니다 렉같은거까지 수정해주시면 슈퍼셀은 갓겜입니다 감사합니다 저는 여기까지만 하도록 하겟습니다 비록 225글자지만 슈퍼셀 사랑합니다
37277,구글,부정,5,2019,2,28,오늘 업데이트가 되고 나서 웰컴팩을 구매했습니다. 결제가 된줄 모르고 또 결제를 해서 총 2회 결제를 했는데 아이템이 전혀 들어오지 않았습니다. 빠르게 조치 취해주셨으면 좋겠습니다.
37291,구글,부정,5,2019,2,28,저는 그냥 평범한 플레이어입니다. 오류좀 고쳐주세요. 게임하려고 들어가니 오류나고 또 들어가니 또 오류나고 10번 반복해도 오류만 납니다.이거 좀 고쳐주세요. 제발요...최대한 빨리요..
37304,구글,긍정,5,2019,2,28,슈퍼숼님 완전 재밌어요!! 개임 참 잘 만드시네요 ㅎㅎ 렉이걸리고 와이파이 표시 버퍼링 조절좀 해드리면 감사 하겠습니다 그리고 브롤러 확률 조정 좀 해두세요 부탁 드립니다 슈퍼숼 홧팅!!!!!!!!!!!!!
37305,구글,부정,5,2019,2,28,재미있긴 한데 와이파이가 4칸 다뜨는데 계속와이파이가 안뜬다고 나와있고 랙도넘 심해서 와이파이끄고 데이터키고 했습니다. 데이터만 키고하면 잘돼고 와이파이는 안돼고 해결좀 해주시거나 방법을 알려주세요.
37596,구글,부정,5,2019,4,6,와이파이 저만 그런게 아니였군요 데이터로 할때는 문제가 없는데 와이파이로 연결 하기만하면 진짜 끊기는거 때문에 못해먹겠습니다. 정말 와이파이 렉만 고쳐주신다면 좋을거 같습니다.
37306,구글,부정,5,2019,4,15,브롤스타즈에서 쇼다운에 흡수모드가 사라졌는데.......... 다시 흡수모드를 집어 넣으면 피가 줄어서 티밍이 않되지 않을까요? 그리고 로사를 방어력 8%감소 시켜 주세요 트롬피 +1-4+12-6+8-7-5-6-4+3+7오라갔다 내려가여 ㅠㅠ 져도 트로피 1개 정도 올려주세요 솔직이 말하자면 제 폰에서 슈리 스타파워가 않나와요. 걍 9Lv 되면 걍주면 않될 까요...? 재미있는 점:99.9%재미없는 점:0.09%부족한 점0.01
37309,구글,긍정,5,2019,2,28,쇼다운을 할때 로딩은100%라고뜨는데 게임은 시작안되고 노래소리만 들려요. 그뒤에 5~6초동안 게임이 안들어가지고 10등으로 죽어본적이 있습니다. 빨리 고쳐주셨으면합니다. (와.... 감사합니다 고쳐주셔서 갓퍼셀 ㅇㅈ)
37317,구글,복합,5,2019,4,5,"...좀 노잼이네... 이게 와이파이가 좀 많이필요헤서.... 그리고 캐릭터가 음... 하,지,만, 맵이 아주많네요 팀전에서만........ 그래서1번 지우고 다시깔음... 다시 GO!!! 근데 또 깜....... 형때문에 이런 형 XXX!!!"
37612,구글,부정,5,2019,4,15,브롤은 재밌습니다... 단 한가지 단점이라면... 일부러 그러신건 알겠는데....너무 캐릭터 드랍 확률이 낮아요... 확률좀 올려주세요 그리고 흑평 달아논 사람들이 있어도 좋은평 단 사람들처럼 평등하게 답장해주세요 지금 읽고 계신진 모르겟지만 브롤하는 사람들평에 관심을 써주시지 않는걸 보니까 좀 충격적이고 제가 COC 로얄 다해오면서 느끼던 슈퍼셀의 모습과는 다른 얼굴이 보입니다... 그래도 할만한 게임 브롤스타즈!
37616,구글,복합,5,2019,2,28,이번 업데이트 팩 1회 한정이라 써있었고.. 구매했는데 메가 상자 안줘서 오류로 구매 안됬나 하고 4개째 구매했습니다. 근데 돈은 4번 다 빠져나갔더군요 . 그치만 보석은 들어왔으나 메가상자는 받지 못했습니다. 보석은 하나도 사용 안하였으니 4개중 3개 환불해주시고 1개 구매한걸로 해주십시요. 그리고 못받은 메가상자 2개 주십시요. 답변 부탁드립니다.
37618,구글,부정,5,2019,2,28,특수공격 버튼이 너무 아래쪽에 있어서 아래쪽으로 최대사거리를 내려고 해도 자꾸 화면 밖을 터치해서 뭘 어떻게 할 수가 없네요. 이 점 제발 꼭 고쳐주세요. 사실 관리자분께서 이 글을 읽으시기나 하실련지 의심이 되지만 그래도 이렇게 글 올립니다.
37333,구글,부정,5,2019,4,13,아이가 멋대로 결제한겁니다.환불해주세요. 거기다 결제한 금액은 금액대로 나가고 게임을 지웠다가 다시 깔았더니 획득한캐릭터가 없어졌다고 난리네요..얘는 게임중독이라 더이상 게임하면 안되고 치료중입니다. 환불해주세요.정말!!!
37336,구글,복합,5,2019,2,28,"와 진짜 미치게 만들네 일단 와파 풀인데 끊기는건 한두번도 아니고 데이터 켜도 끊길데 겁나 많다 그리고 더중요한건 개인전 쇼다운에서 싸우고 있을때 아니면 조금 끊겨도 상관없어 근데 3대3팀전이 쇼다운말곤 전부잖아 잼그랩 같은 경우도 잠시 끊기면 팀과 궁연계,몰아넣기,자릿싸움 다 안된다고 심지어 지면 팀원 전부 떨구잖아? 그리고 매칭 시스템 울팀에 전부 근접넣고 상대한텐 올 원거리면 게임 하란거냐고 플레이어 겁나 많을텐데 왜 그르케 역카운터 픽으로 잡히면 한쪽만 불리하게 되잖아 그리고 상자확률 이건 너네도 돈벌고 해야하니까 크게 뭐라안한다 제발 게임 잘만들었스면 그게임좀하게 서버 관리좀 잘해라"
37339,구글,부정,5,2019,4,2,아니 저는브롤을 엄청나게 재밌게 하고있는 유저였는데게임 을지웠다가다시 깔았더니 초기화가돼버렸습니다! 슈퍼셀아이디도 연동했었는데 그리고전설브롤러가 안나옵니다. 15퍼센트는 되야하는것아닌가요? 패치가필요할것같습니다. 이런점만고쳐주시면 별10개도드릴수있어요!😀
37052,구글,부정,5,2019,4,15,어...진짜 완전 좋고 재미있는 게임인데 와이파이 렉 때문에 고생한건 괜찮다 쳐도 업데이트 되어서 연결이 안돼고 있습니다.... 어떻해 해야될까... 빨리 고쳐주시면 감사하겠습니다!(슈퍼셀 항상 파이팅!)
37056,구글,부정,5,2019,4,14,아니 씨 밸런스 왜 이따구야 슈퍼셀 진짜 배치빨하고 매치빨도 너무함 진짜 그리고 전설뜰 확율이 0.1은 진짜 너무한거 아님? 행운수치 같은건 뭐 확울도 코딱지만큼 올라가고 부활시간이 왜 이따굽니까? 15초 20초는 너무한거 아니에요 진짜?...... 그리고 맵에 부쉬 너무 많아요 좀 줄여줘요 좀
37064,구글,부정,5,2019,4,2,최악입니다 하지마세요 진짜 재미없고 플레이하는 사람들 인성도 없고 트로피 막 떨어지게 하고 상자에서도 확률이 너무 낮아요 클랜에서는 시끄럽고 무슨 게임인지도 모르겠고 이 딴 미완성 같은 게임이 뭐가 재밌다고 난리가 났는지 모르겠네요 실망이에요--...
37066,구글,부정,5,2019,4,13,나는 같은캐릭터인데 사거리 닿지가 않고 상대방은 현질러있는데 무과금은 어떻게 게임하라는건지 모르겠네 확인도 안하는 슈퍼셀 관계자들에 머리는 비어있고 유저들에게 현질응 유도하는 나쁜 게임이고 트로피 매칭도 제대로 않하고 이래서 슈퍼셀 망한다 소리를 듣지 게임을 이따구로 만들어서 현질을 해야 이기지 않하면 못이겨 슈퍼셀 망해라
37365,구글,부정,5,2019,2,28,업데이트되고 나서 웰컴팩을 구매했는데 보석과 메가박스2개를 지급이 안되서 다시 구매했는데 전과 동일하게 지급이 되지 않았습니다. 이후 보석은 지급됐으나 메가박스가 지급이 안되었습니다.
37077,구글,부정,5,2019,4,3,5G 선도하는 대한민국 네트워크 속도에 핑이라고? 서버가 어디있는겁니까? 핑 때문에 화면 멈추는 일이 빈번합니다 진짜 서버관리 안하네요 하고 있다고 하시겠죠 근대 저희 유저 입장에서는 변화를 체감할 수 없네요. 현질유도 든 각 브롤별 밸런스든 다 문제 삼지 않아요 현재 사용기기에서 LTE 속도 354Mbps 나오고 Ping10~25ms 나오는데 왜 핑이 튀냐고요 알아듣게 설명좀 부탁드립니다 유저의 잘못인지 서버의 문제인지 제발 제발 제발 제발 제발 좀 간곡히 요청합니다.
38043,구글,부정,5,2019,2,28,게임 들어가니따 업데이트하라고해서 업대이트 버튼 눌렀는데 오ㅑ 플래이스토에서는 업대이트가 없는거죠? 그냥 열기로 되어있네요 계속 반복해도 업데이트 버튼은 없고 열기버튼만있고 게임들어가면 업데이트하라고하고 뭐하라는거죠? 장난하시나요? 아니 게임할려고 하는데 기분 잡치네요 시간만 날리고 이게 뭐에요? 예ㅔ? 오류 를 고쳐주든가 보상울해주든가 어떵 조치좀 해주시면 좋겠네요
37116,구글,복합,5,2019,4,12,아니이거 행운시스탬있는것 맞아요? 어떤사람은 캐릭터가 많아서 쉽게올리고 캐릭터없는사람은 힘들게올리고 이거행운시스탬인지 그거인지 저지금30000만원 현질하고도 신화 진 하나밖에없어요 딴에는 크로우 타라 모티스가 있는데 거기에다가이거3개한번에뽑은거에요 그리고 저보다 트로피도 낮고 그런데 이거행운빨개임이에요 아니면 현질하라고 만들거에요? 제발좀 제대로 좀해주세요
37128,구글,부정,5,2019,4,10,제가 삭제를 하기전에 구글플레이 스토어와 연동을 해놨는데 다시 깔아서 해보니 아이디가 사라졌네요. 아이디 좀 찾아주세요. KOR_MONO 이게 제 아이디 이름인데 슈퍼셀 연동 안했다고 사라지는건 아니죠?
37130,구글,복합,5,2019,4,5,최적화어쩌구 하는분있으시던데 전 잘만됩니다 폰버전 6.0.0이구요 3년전에나온폰도 잘돌아갑니다 그런데 님이 저보다 폰사양좋고 그러시먄 님이 바이러스걸리셨거나 님폰에 이상점이 생긴거구요 마지막으로는 님이 겜만드삼 이렇게 갓겜만들고 열심히 먹고살자고 겜만들고 패치하고 그러는데 님이만들어보셈ㅋㅋ 솔직히 이정도면 됬지뭐 그리고 슈퍼셀은 컴겜만들다가 망해서 폰겜으로 넘어왔다 그말이야
37759,구글,부정,5,2019,2,28,아진짜 너무 재미있는 게임인데요 슈퍼셀님 솔직히 이번에 업데이트가 되면서 브롤스타즈에 접속이 불가능해 졌습니다 그리고 사촌 동생은 접속이 돼는데 제폰에는 접속이 되질 않습니다 그렇게 지웠다 깔고 핸드폰을 껐다 켜놓고 별별 방법을 다 했는데도 접속이 안됍니다 이 게임은 정말 잘 만들고 정말 재미있는 게임이지만 부디 하루빨리 이 점을 고쳐 주셧으면 좋겠습니다0
38071,구글,부정,5,2019,4,8,아니 와이파이렉실화에요? 진짜 자꾸 상대방하고싸울때되가지고 자꾸손해보는데 또 와이파이끄고 데이터로하니까 자알~된다 데이터쓰라는거냐고 와이파이렉 진짜 레알로다가 짜증나거든요 좀 고쳐봐요 그거때문에손해본 트로피가얼만데 ; 개발자가 고칠생각을해야지 놀고있냐고 ;
37494,구글,부정,5,2019,4,10,재미있게 게임하다 리스폰자리에서 총질만하는 한자 아이디가 너무많네요. 신고기능 만들어주세요. 너무 답답해서 혈압상승으로 게임 삭제합니다. 신고기능 생기면 다시 할 마음이 생기겠네요.
37802,구글,부정,5,2019,4,5,개발자야 빨리 신고기능 만들어 솔로쇼다운에서 5대1로 싸우는게 말이 되냐 니가 생각이 있으면 그걸 고치던지 내가 볼6렙으로 470까지 갔는데 왜 팀먹고 나만 갈기냐고 팀 먹는애들 신고해서 정지 시킨든지 해봐 진짜 빡치네 아니 그러면 솔로라고 왜 붙였는데 그놈들 계속 돌고 팀 먹는데 그러면 내 머리도 진짜 돌다가 터지겠어 다음번 업데이트때 신고기능 만들어 부탁이야
37803,구글,복합,5,2019,4,7,엄청 재미있는데 현질할려고 할때 돈이너무 많이 들어요. 보석 세일 같은것도 해주세요. 그리고 좋은 브롤러도 잘나오게 해주세요 현질하지않고 잘하고싶은데 신규 브롤러가 너무않나와요.
37814,구글,부정,5,2019,4,15,초딩들 불만 진짜 많네 과금 안해도 꾸준히 하면 캐릭터 어느 정도 나오고 토큰 너무 안준다 하는데 슈퍼셀은 돈 벌면 안되냐 그리고 티밍가지고 뭐라 하는데 티밍캐들 잡을만한 캐릭터들도 적절하게 있다고 생각하고 노력할 생각은 안하고 그냥 다 꽁으로 먹으려 하네
42454,구글,부정,5,2019,2,28,브롤 드디어 망했네요 저 1200점대에다가 전설 브롤러까지 얻었는데 업데이트 이후에 안들어가지는 것은 약과고 들어가졌는데 다 사라져있더군요... 이거 복구 가능하시면 빨리 복구해주세요 아니면 진심 망겜됩니다...
42461,구글,긍정,5,2019,2,28,게임을 깔면 업데이트를 하라고 하는데 구글 스토어에 들어가면 업데이트 버튼이 없어서 게임을 못하네요. 빨리 해결해 주시길 바랍니다.
42478,구글,부정,5,2019,2,28,게임에 안들어가지시는 분들은 이 리뷰 꼭 보세요 먼저 플레이스토어에 브롤이라 치시면 업데이트가 한번더 뜰텐데 업데이트를 하면 게임들어가집니다 브롤스타즈 지웠다 깔면 어차피 안댑니다(내가해봤음ㅋ.)
42074,구글,긍정,5,2019,4,10,"정말 재밌고 거의 슈퍼셀은 클래시로얄까지 모든게 완벽했는데 브롤스타즈도 이렇게 완벽해서 기분이 좋았고요,앞으로도 이렇게 좋은 게임 부탁드릴게요 감사합니다"
42087,구글,복합,5,2019,4,14,넘나 꿀잼 밸런스도 잘 맞춰져있고 근데 한가지 아쉬운점은 계정이 돌아오지 않는것 입니다. 클레시로얄은 돌아왔었는데 이거는 돌아오지 않더라구요
42493,구글,부정,5,2019,2,28,예전까지는 잘 플레이 됐는데 업데이트를 하니 접속이 되지 않습니다. 슈퍼셀 관계자분들 빨리 다시 플레이 할 수 있게 부탁드립니다.
42499,구글,긍정,5,2019,4,15,현질을 많이해야 많은 브롤러를 얻고 그래야 높은 트로피를 올리는데 무과금이나 소과금은 캐릭얻기가 힘들어요 그니까 클로처럼 전설상자 그런거라도 만들어죠요 그럼 갓☆☆☆☆겜☆☆☆☆☆
42091,구글,긍정,5,2019,4,15,와우 짱이에여 친구랑 팀도 했어요!!! 완전 재미 있어요 꿀잼 별 5개 (완전짱이라는) 그러니까 앞으로도 업데이트 마니마니 (많이많이) 해주실거죠? 앞으로도 게임 많이 할게용 최고!!!
42105,구글,복합,5,2019,4,5,게임은 재밌어요. 하지만 와이파이를 너무많이 잡아먹는것같아요. 렉 때문에 떨어진 트로피만 100개는 되는것같아요.
42522,구글,부정,5,2019,4,1,하... 진짜 이게임하지마세요 처음엔 재미있어서 계속하다가 하면할수록 개빡치는게임이에요 진짜로 이게임하지마세요 렉이네무심하고 와이파이는 엄청잘뜨는데 계속 와이파이표시랑 렉이너무 심하게걸려요 저번에는 게임하다가 뜅겨서 죽음적도있고 렉하고와이파이표시 때문에 죽은적도있어요 진짜로 이게임추천안합니다 슈퍼셀게임할거면 클래시로얄을하세요 진짜로이게임하지마세요 하...
41739,구글,부정,5,2019,4,2,단점 1와이파이 렉 이거 아주 치명적이라 점수 떨구면 매우 화남 2솔로 쇼다운 컨테츠에서 암묵적으로 서로 파티 맺고 솔로 신청자를 죽인다 이거 때문에 게임 수명 갉아먹고 있음 3 랜덤 3대3싸움에서 매칭이 파티 팀신 랜덤 신청자 요로케도 서로 매칭된다 파티 팀신이 당연 랜덤 신청자보다 승리가 훨신 용이하다 가장 큰 단점은 이게임이 중국에서 인수를 하고나서 이미지가 매우 나빠졌다 그리고 기술력도 낮아졌다 여러모로 단점이 늘어가고 있는 슈퍼쉘 게임이다 장점은 화가 자주나서 스티레스로 인하여 탈모가 금방 온다 평점은 올 5점으로 준다 그 이유는 많은 사람들이 이 리뷰를 손쉽게 보기 위함이다
42122,구글,복합,5,2019,4,15,제가 하다가 캐릭터가 게임할떼 안보이고 속도도 느려줘서 지우고 깔았는데도 같네요 그리고 초기화 됬는데 복구좀 그리고 다운로드도 안되는 상황 발생 그래도 지웠다 깔면 잘됨 하지만 게임을 니가면 똑같은 버그ㅠ이거 엄청많이 했눈데 복구 안해주시고 맨낭 지운것도 귀찮은데 된 만약에 안참습니다 이게임재미는 있어여 하지만 일단 너무렉걸리고 캐릭터 안보여서 지우고 초기화 되고 그리고 플레이는 할게요구리고이젠 안들어가질 때도있음 다시 했는데 이번엔 잘 됬는데 초기화 이젠 2020년까지 기다릴게요
42138,구글,긍정,5,2019,4,15,정말 좋은 앱이에여!! 근뎁 이거 희귀 브롤러를 좀더 쉽게 구입할수 있거나 가격을 싸게 해주세욤!! 그리구 보석을 좀만 더.. 시작할때 100정도 주시면 만족할껏 같아요♥
41396,구글,부정,5,2019,4,7,재밌습니다. 제 핸드폰이 s5인데 문제 없이 잘 돌아갑니다. 최신 게임인데도 이런 구대기 폰으로 돌아가는건 혁명 그 자체 렉없이 잘돌아가는 혇신 이건 마치 레볼루션 입니다.
41402,구글,부정,5,2019,4,9,브롤 진짜 망겜 되간다 현질러들과 고인물들이 넘쳐나는데 그래서 지금 시작한 사람들은 트로피도 못 받고 짜증은오를데로 오르고 이러다가는 사람들이 삭제하고 고인물들이랑 현질러만 남지 게다가 방금 얻은 브롤러는 키우지를 못해 키우지를;; 제발 밸런스좀!
41771,구글,부정,5,2019,2,28,점검이 끝났는데도 안들어가지고 들어가지나 했는데 로그인을 다시해주세요 떠서 재로그인 했는데 계속 안되네요 삭제하면 계정 삭제 될것같고해서 못하겠고 계속 이러고 기달릴순 없잖아요 ; 빨리 고쳐주세요
42140,구글,부정,5,2019,2,28,전 브롤을즐겁게 하는 유저입니다. 브롤을 아예 들어갈수가없음 이제 트로피 1950게 되는데 이러다 망겜됩니다 이점좀 고쳐주세요 📵📵📵📵📵📵📵📵📵📵🤔🤔다이너마이크 었고싶단말이에요......이러다 신규 브롤러 칼도 못엇는건가요? 그러면 전 브롤을 아예 지우고 하고있는 클로도 지우서 슈퍼셀 겜 안할거에요
42150,구글,부정,5,2019,4,8,트로피 보상이 너무 낮은거 아닙니까? 현질 두번이나 했는데 뭐 얼마나 더해야 합니까? 지금 모든 캐릭터가 업그레이드 해달라고 난립니다. 인간적으로다가 적당히 합시다
41414,구글,부정,5,2019,4,5,"오토? 혹은 트롤링? 제자리에서 총만 쏘는 플레이어들 처리 할 방법이 없네요. 랜덤큐를 돌리면 계속 만나는데, 트로피가 7000이 넘는 계정으로도 계속 돌리네요."
41773,구글,부정,5,2019,2,28,"아니망겜ㅇㅈ하는부분3800점대인데캐릭터가별로없어서올리기도힘든데티밍땜에더올리기힘듬이게바로망겜이라는거다 역시돈망겜 그리고시즈모드나왓던데 다상대진영에만소환돼내ㅋ 브롤스타즈가망한이유 1. 트로피를올리기가힘들다 2.티밍 3.팀운망겜내가잘해도 우리팀이못함 이점다결합하먼 쇼다운티밍하지마라 3대3하지마라 그냥게임하지마라(우리편이잘할때도잇지만10판에3판정도)2판은내가캐리함 신고기능만들어도가 4.벨런스문제 ,레벨문제 그냥 돈질러라이애기임 진짜 이건안해결 해도돼는데 티미안좀 해결해봐"
41056,구글,부정,5,2019,4,12,예전에 즐겨했던 유저입니다. 오랫만에 하려고 들어가보니 계정이 없어졌네요 제가 기억하기로 최소 1000트로피 이상이였던것같은데 진짜 짜증나네요
41060,구글,부정,5,2019,4,3,아니 제발신고기능만들어주세여트롤을계속만나서 트로피너무많이딸아여 그리고 저는거의캐릭터가 6~7렙입니다 랜덤큐를하면 스타파워분을만나서맨날지고요. 왜저는트롤만계속만나죠?
41429,구글,긍정,5,2019,2,28,캐릭터가 조금 더 많아 졌으면 좋겠네요 캐릭터를 다 얻으면 트로피 말고 할게 없어요 그리고 닉네임을 좀 무한대로 수정 할 수있었으면 좋겠어요.
41433,구글,부정,5,2019,4,15,팀간 밸런스가 가장 문제 상대편 만랩에 랩도 적어도2~3높은 애들이랑 붙으면...실력이고 모고 차이가 넘 나서 이기기 힘듬... 팀간 밸런스만 좀 맞추면 될 것 같은데 팀간 밸런스때문에 하기 싫어지는 게임
41449,구글,부정,5,2019,2,28,환불해줘 돈만먹으면 어쩔 원래 구입한 상품을 줘야지 다른거로 퉁치면 받는 사람 기분이 어떨꺼 같냐...사과 공지도 안 올리고 운영 개판이네... 이번에 실망인게 개발이 문제가 아니라 운영이 개판인게 실망이다
41803,구글,부정,5,2019,2,28,좋긴한데 이번업데이트로 인해서 서버접속중에서 접속이 안되고 와이파이도 빵빵한데 렉이 걸리고 친구랑 게임한다고 보이스톡을 햇더니 자꾸 끈깁니다 이게 카카오톡측에서 문제인지 브롤스타즈 측의 문제이인지 확인해주세요
41815,구글,긍정,5,2019,4,1,폰을 바꾸고 이걸 설치해서 보니 연동을 해도 처음부터시작해요 사전예약도 해서 스킨도 얻었는데... 지우고 다시 설치해도 똑같이 나와요 옛날 닉네임은 파이에요
41817,구글,부정,5,2019,2,28,아니 진짜 랜덤 돌리면 이기는 판이없네 ㅋㅋㅋㅋ 유저 수준에 맞게 팀조정좀 해주세요 ㅠㅠ 어떻게 트로피400으로 돌렸는데 팀에 트로피300이 나오냐 진짜...
42193,구글,부정,5,2019,4,13,이상한 유저만걸려요그리고 누군 핵 쓰고 그리고 또! 왜? 제가 걸리는 팀만다 공격을 안하고 구석에서 빙빙돌고 팀 킬 만 걸려요. 그래도재밋으니까별3개
42206,구글,복합,5,2019,4,15,쇼다운 솔로가 트로피를 많이 받을 수 있어서 좋아요 하지만 전설이 나오기 힘들어요 ㅠㅠ확율좀 올려주세요 그이후는 저한데는 문제가 없어요 그리고 재밋어요 짱!!!
41074,구글,부정,5,2019,4,14,게임이 들어가지지 않습니다.. 서버에 연결 중 이라고만 뜨고 아무것도 할 수가 없네요. 지웠다 다시 다운 받아도 똑같고. 해결해주셨으면 좋겠습니다.
41077,구글,부정,5,2019,4,15,게임이 고사양 게임도 아닌데도 불구하고 너무 서버관리가 안됩니다 이게 뭐에여? 감자로 서버 돌려요? 개적화 너무 심합니다 핸드폰 문재가 아니라 이렇게 개적화 문제로 말이 많으면 고치기라도 햐야하는데 고치지도 않고 브롤스타즈가 총게임이고 액션 게임 인 만큼 순간순간 판단과 컨트롤 이 중요한데 서버가 이러면은 어떻게요? 네?
41453,구글,복합,5,2019,4,13,그런데 자꾸 매치매이킹할데 100%에서 멈춰요. 그리고 쇼다운매치매이킹 할데100%에서 멈춰서 그전에 상대가 절죽여요. 그래서 100%에서 멈추는것좀 패치좀 해주세요
41472,구글,부정,5,2019,4,15,제 생각에는 주작이 너무 큰 거 같네요. 시즈 모드에서 연패해서 트로피50이 날라갔네요 스타토큰 때문에 한거지 아니었으면 안했을 거에요 트로피 좀 덜 깍이게 하면 좋겠네요
41473,구글,긍정,5,2019,4,15,업데이트 한다해서 들어갔는데 나오지도 않은 캐릭터가 체험하기 있다했는데 체험을 하게 된다면 뽑지도 않은 캐릭터를 미리 플레이 해보기 때문에 뽑아도 아무 소용이 없는것 같습니다 체험하기는 빼주셨으면 좋겠습니다 제발
42231,구글,긍정,5,2019,2,28,레온은 공격력만 너프시키고 티밍은 안고치고 크로우는 전설이냐 일반이냐 트로피는 올리지 못하게하고 문제가 왜이렇게 심각하는데도 안고치냐?!ㅗ
41094,구글,부정,5,2019,4,15,"제가보석30대형상자에서 팸이랑크로우얻었는데,크로우가너무 약해요. 크로우버프시켜주세요! 참고로 게임은잘즐기고있어요! 슈퍼셀 파이팅!"
41107,구글,복합,5,2019,4,15,"이거업데이트를외국에서하는데, vpn키고하거든요.근데자꾸업데이트에오류가있다면서다시해야한데요,이거하루빨리고쳐줬으면좋겠습니다,슈퍼셀사랑합니다"
41479,구글,복합,5,2019,2,28,정말재밌어요! 근데 지금 업데이트하라떠서 업데이트 눌렀는데 업데이트가 안떠서 열기눌러도 다시뜨고 지웠다 깔아도 다시 뜨더라고요 해결책있나요? 제 폰 삼성입니다
41850,구글,부정,5,2019,4,14,진짜 짜증납니다 유성우 모드는 같이 붙어 있는 사람한테 떨어지는건던 하나도 안 붙어있는 저한테 떨어집니다 그리고 그걸 또 피하려다 멀리서 오는 브롤러들한테 양각 잡히고 티밍하는놈들한테는 안떨어지고 개짜증이네
41859,구글,복합,5,2019,2,28,개발자님 전 브롤스타즈를 아주 재미있게 플레이하고 있습니다. 그런데 이번업데이트를한뒤 브롤스타즈가 들어가지질않고 자꾸튕기는데 이 문제를고체주시면 좋겠습니다. 답장부탁드립니다.
41869,구글,부정,5,2019,2,28,서버 오류가 떠서 다수의 유저가 피해 받았는데 보상 없나요? 타게임은 서버관련 문제가 터지면 사과하고 보상을 주는데 사과한마디 없다니 실망입니다
41128,구글,복합,5,2019,4,8,근데 지금 슈퍼셀 아이디 않쓰고 있는데 지금이라도 로그인 하면 될까요? 혹시 지금까지 모은 트로피와 브롤러들이 사라지지는 않겠죠? 답변 부탁드립니다.
41517,구글,부정,5,2019,2,28,업데이트하고 안들어가졌는데 스토워에 맨위 왼쪽 에들어가서 게임 누러서 브롤다시 업데이트 하니까 잘들어가져서 신규 맵 해보았는데 너무 제미있었어요. 제글을 참고로 브롤스타 안들어가지는 사람들잘되길 바람니다.브롤스타즈 꿀잼☆★☆★별4개
41147,구글,부정,5,2019,4,11,와 진짜 무슨 와이파이가 3칸맨 되도 와이파이 모양뜨고요. 2칸되면 아예 나가지네요. 그거때문에 떨어진 트로피가 100개는 넘을거 같네요.
41534,구글,부정,5,2019,4,15,다양한 캐릭터와 게임형태로 지루하지 않고 매력적임. 슈퍼셀다운 게임임. 원래 게임시 현질 절대 안하는데.. 처음으로 현질하게 만든 게임 ㅋㅋ
41539,구글,긍정,5,2019,4,1,제 계정이 사라졋습니다 아이디는 후훗.레온이 있는 계정이고 6만원정도 현질한 계정이고 트로피는 2600점 정도입니다 증거사진도 드릴수 있습니다 빠른 답변 부탁드립니다
41910,구글,긍정,5,2019,4,15,진짜 제가 좋아하는 게임 1위 입니다. 전에 클로를 했었는데 제가 하기는 좀 어려웠었는데 지금은 트로피 올리기도 너무 좋습니다.어렵지도 쉽지도 않아 더욱더 재미있습니다. 티밍 문제도 잘해결해 주셔셔 너무 감사드립니다.
41169,구글,긍정,5,2019,4,15,슈퍼셀 형님들 브롤 스타즈라는 게임 만들어주 셔서 정말 감사합니다 브롤 스타즈가 나오고 나서 1번 플레이 해봤는데 너무 재미있더라고요 업데이트도 많이 해주시고 티밍 문제도 해결 해주시고 그리고 부탁 1나만 들어주시면 정말 감사하겠습니다 브롤 상자에서 레온이라는 캐릭터 나오게 해주세요 제가 전설 중에서 레온이 제일 좋아서요 그부탁 들어주시면 정말 감사할것갔아요 그리고 슈퍼셀 형님들 브롤 스타즈 라는 게임 만들어 주셔서 정말 감사합니다 사랑하고 항상 건강하세요 브롤 1위 유지 가즈아~!
40484,구글,긍정,5,2019,4,9,정말제밌어요.레드와이파이가짜증나지만그래도재밌어요.꿀잼.중독성도강하고정말제밌네요.대형상자에서레온나오게해준슈퍼셀형님.감사합니다.아!업데이트도많이하면좋겠네요.신규브롤러도많이나오고좋네요.
40844,구글,부정,5,2019,4,15,안녕하세요 제작자님 다름이 아니고 이번 업데이트를하면서 게임에서 안들어가질뿐만아니라 업데이트를 하고 가끔 계정이 완전히 날라가버리는 버그가 있는것같습니다 저는 괜찮았지만 제 동생계정이 삭제가 되어서 문의드립니다 이러한 현상을 어떻게 해결하실거고 계정 삭제된건 어떻게 하실건지 궁금합니다. 앞으로도 재밌는 업데이트 부탁드립니다 감사합니다
40115,구글,부정,5,2019,2,28,어제 100번이나 게임에 들어갔는더 안 들어가져서 놀랐어요. 의견도 2번이나 보내고 아쉬웠는데 오늘 들어오니까 접속이 가능하더라고요. 슈퍼쉘 제작자님 고맙습니다.그리고 다른플레이어님들 자동업데이트를 하니까 되더라고요 별4개드릴게요.
40489,구글,복합,5,2019,4,15,전체적으로 게임은 괜찮습니다.하지만 트로피가 올라가면 랜덤매칭을 할때 이길 수가 없어 압박갑이 들고 티밍에 대해서 좀 더 신경 써주셨음 좋겠습니다.
40120,구글,부정,5,2019,2,28,게임을 다운받았다가 실행하려고 로딩하는데 계속 업데이트가 있다면서 튕기네요 ㅠㅠ 게임 하고싶어서 깔았는데.. 애초에 다운 받을때 업데이트 된 것까지 다 다운이 되는거 아닌가유😭😭
40530,구글,부정,5,2019,4,4,와이파이랙 나만그런가? ㅋㅋ개사기네 잘들어가다가 앞으로가는중에 앞에 적있는데 갑자기 네트워크오류? ㅋㅋ와파 칸 다차있는데? ㅋㅋ설정이냐? 똑바로좀만들어라
40532,구글,부정,5,2019,4,15,그냥 망겜 다되감 ㅋㅋㅋㅋㅋㅋㅋ 망겜망겜망겜망겜망겜 ㅇㅈ? ㅇㅇㅈ 문제점(1 티밍이 겁나 많음 2 와이파이렉 심함 3업데이트후 계속 튕김 ㅋㅋㅋㅋ4 패치를 그지같이 해놓음 결정타 업데이트후 않들러 가지는게 하루 이틀이면 되는데 3일 4일씩 계속 가니까 사람들이 기다려주가 싫어짐 ㅋㅋㅋ)
40533,구글,복합,5,2019,2,28,엄청 재밌는데 오래하면 계속 튕기고 리플레이를 보니 인공지능이하더군요 좀 안튕기게 해주세요 그리고 와이파이 렉이 좀 많이 심해요.ㅜㅜ 오래 해도 안튕기게해주세요. 그리고 지금 저만 안들어가지나??
40158,구글,부정,5,2019,4,6,"정말 재밌습니다 제가 여태까지 해본 모바일 게임중에서는 단연 최고라고 할 수 있습니다, 한 가지 아쉬운 점이라면 받을 수 있는 토큰을 제한한 것이데 추후에 토큰 제한을 푸시는건 어떻신지요?"
40553,구글,부정,5,2019,4,15,게임을플레이하면로딩이100%가되면게임시작인데로딩이100%가되어도한참기다려야지됩니다이번패치때고쳐주세요 제발!(플렝하는데문제가있음)
40561,구글,부정,5,2019,2,28,게임을 오늘 처음하려고 하는데 로딩 50%부터 업데이트를 하라고 하더라구요 구글플레이에 들어가서 업데이트 하려고 했는데 업데이트라고 뜨지도 않아요 다시들어가도 같습니다 어떻게 된건가요?
40165,구글,부정,5,2019,4,12,너무너무재미있고 특히 신화캑릭터랑전설캐릭터가너무멋지고 좋와요.버그도별로없어어너무머무좋와요.앞으로 업데이트 를만이해주세요.좋은캐릭터도 많이 출시하게해주세요.
40174,구글,부정,5,2019,4,15,와파 표시뜨는 것만 해결하면 최고 갓겜 그리고 초보들이 너무 많아요 그리고 3000점도면 팀원들이 잘해야 하는데 너무못함 요 자신이랑 트로피 비슷한 사람들끼리만 선정 되는 기능 좀 만들어 주시면 좋을 것 같네요
40175,구글,긍정,5,2019,4,15,공격을먼저했으면쏴지고나서죽는게맞는데왜죽기만하고쏴지지가않죠?그리고브롤러나올확률이너무적은듯합니다.조금만확률을더올려주셨으면감사하겠습니다.게임자체는되게재미있네요!
39837,구글,부정,5,2019,4,5,진짜 겁나 못하는 애들 만나서 협조도 안해주고 팀게임인데 마이크도 안만드냐? 진짜 애들 사람실력도 아니다 그냥 콧구멍으로 게임하나 폰던질뻔 했다 암걸리고 화병나 뒤지것다 슈퍼셀들아.또 매판마다 스타파워 있는애 한명씩은 있고 티밍은 어쩔건데
39849,구글,복합,5,2019,4,1,이 게임을 하면 새로운 캐릭터를 얻는게 기분이 좋습니다. 하지만 전설을 얻으려면 승리를 많이하고 트로피를 많이 얻어서 꼭 전설을 모두 모으겠어요. 이 게임은 다른게임보다 재미가 있습니다.
40193,구글,부정,5,2019,2,28,아니 결제에 문제 있는거 아닙니까? 오늘 6시에도 그렇고 방금 결제했는데 또 보상이안들어옵니다 ㅡㅡ25레벨팩 빨리 조치를 취해주세요 돈만 자꾸 나가고 승질만 납니다
39860,구글,부정,5,2019,4,6,이거 이러다게임 망함 티밍을 좀 어떻게 해봐요 지금 50점떨어졌습니다 티밍때문에 이거 진짜고쳐야되요 이거 이러나 좀 있스면 망하게 되있음 전략이라고 말하던데 이게먼전략 이에요 이럴거면 솔로를 사라지게하고 듀오아니연 3스커드를 만들던가요 아니면 신고 라도 해서 정지를 시키던지 전략이 아니에요 생각좀하세요
39874,구글,복합,5,2019,4,7,진쩌 다 좋은데 와이파이가 빵빵한데 저꾸 끊기고요...데이터를 와이파이가 없는곳에서는 데이터로 하면 아예 게임이 플레이 되지도 않습니다.그리고 업뎃 이후에 안들어가지는대 수정 부탁드립니다.
40221,구글,복합,5,2019,4,8,제발 신고하는것좀 신고하는거만들면 제작자가힘들거 같긴한데 그렇다고 플레이어를 많이 짜증나것도 아닌것같은데 근데 저는 신고하는 것 좀 만들어주시면 좋을거같습니다. 그리고 크로우가 전설인 이유좀 아니면 상향좀 해주세요. 제작자 여러분 화이팅!!!
39890,구글,부정,5,2019,4,15,게임유저인데요. 플레이 잘 하다가 이번에 업데이트 되면서 와이프이를 켜지를 않고 사용하는데 와이파이 모양이 뜨면서 접속이 불량하다고 계속 끊김현상이 잦았요. 너무 짜증납니다. 플레이해서 트로피 올려놓으면 렉 걸려서 다시 낮아지고.. 뭐 어쩌라는건지 모르겠어요. 빨리 해결좀 해주시고 트로피 떨어진거 보상방안좀 내어주세요
39893,구글,복합,5,2019,4,13,슈퍼셸게임은 언제나 재밌군요ㅋㅋ 그런데 제폰이 안좋아서 그런건지 움지이는 것과 오토로 쏘는 것이 동시에 안돼서 죽은게 한두번이아니라서ㅜㅠ 게임상에 문제라면 꼭 고쳐주세요!!
40236,구글,긍정,5,2019,2,28,"초반에는조금 어렵지만 제시를었으면서 자신감을었고 . 데릴었었은데.친구가 데래기 라 놀리고 그래서 팸이가지고 싶어서 브롤 상자를열었는데 팸은커녕 그냥 발리가 나왔다. 그래도 바운티,하이스트에 좋은 것같아서 좋아 하는 브롤러이다. 슈퍼셀 사랑합니다!! --김태홡브롤러-- 올림 2019년2월 28일(목)"
39552,구글,부정,5,2019,4,3,저는 브롤을 재밌게 플레이하고 있는유저입니다.그지만 지금6900점을 찍었는데 다음판을 돌리고있는데 우리팀은 스타파워가 없는데 상대팀은 5000점 인데 스타파워가 다있습니다. 브롤을잘하시는 유튜브분들 영상을 보았는데 이렇게 저 처럼 매칭이 잡혔어요.가능하시다면 매칭을 좀 잘잡히게해주세요. 재밌는 게임 만들어 주셔서 정말 감사합니다!
39559,구글,부정,5,2019,4,13,제가 핸드폰을 바꿔서 다시 로그인하는데 연동할수있다해서 연동할려고 하는데 계속 인증번호 받을려고하면 새로만드라고하고 그럼 제가 이여태 키우던 캐릭터들 다 물거품되는건가요? 해결좀해주세요
39581,구글,부정,5,2019,2,28,"오늘 업뎃하고 5,900원웰컴팩 구매 했는데 보석만 주고 메가박스는 않주네요? 저만 그런가요? 기분좋게 구매했다가 기분 망쳤네요 헛 몇시간 지나서 접하니 메가박스 데신에 보석으로 보상해 주셨네요^^ 생각보다 대처를 신속하게 하주시는 브스운영자님 다시 보게되네요 앞으로도 멋진 브스기대 할께요~"
39594,구글,부정,5,2019,2,28,어제업데이트이후에 계속겜실행이안됩니다!!! 자꾸튕기네요. 오늘은될줄알앗는데 오늘도계속똑같은현상입니다.왜이러나요! 빨리해결좀부탁드려요!!!
39924,구글,복합,5,2019,4,7,재미있어요 그리고 근데...컨트롤이너무쫌그래가주고별세게입니다쫌괜찬아지면 별네게입니다 컨트롤좀...^^하지만완전최고근데상자에서전설이쫌잘나왔으면좋게어요ㅎㅎ^^업데이트많이해주세요
39931,구글,부정,5,2019,4,13,s10 유저인데 쇼다운 모드 할때 왜 상하단부분이 짤리고 그 부분은 왜 터치가 되게끔 하는거죠? 검은색으로 처리된 부분을 화면으로 채우던가 터치가 안되게 해주세요 많이 불편합니다.
39612,구글,복합,5,2019,4,15,정말 스트레스 해소가 잘되네요.하지만 중간중간에 렉이약간 걸리네요.와이파이도 최대인데 자꾸 멈추네요.수정좀 해주세요.그리고 슈퍼셀 제작진여러분 브롤 스타즈를 만들어 주셔서 정말 감사합니다.
39615,구글,부정,5,2019,2,28,접속이 안 됩니다 재미있게 하루 해보고 업데이트 뜨더니 계속 50프로에서 멈추고 업데이트 하라고 나오네요. 몇번을 지우고 깔고 그런지 모르겠습니다. 갤9 유저 입니다.
39951,구글,부정,5,2019,4,1,브롤 갑자기 렉이 걸리네요 와이파이 문제 같은 것도 아니고 로딩 화면부터 게임까지 에니메이션 효과가 갑자기 느려졌습니다 무슨일인가요? 답변이라도 해주시면 감사하겠습니다
39625,구글,복합,5,2019,4,12,브롤스타즈는 재미있는데 브롤러가 너무않나와서 아쉬운데 브롤러 좀 많이 나오게해주면않되나요. 그리고 새로운 브롤러 좀 많이넣어주세요.그러면 다음에도별 다섯게드릴게요 될수있으면 부탁드려요.
40755,구글,부정,5,2019,2,28,업데이트 후 계속 게임이 중지 돼요 하루 빨리고쳐서 칼 써보고십네요 제가 별 5개 드리는 이유는 하루빨리 앱을 고쳣으면하는 바람 입니당~♡ 제발 고쳐주세요 홧팅 또 홧팅~♡♡♡♡♡
40767,구글,복합,5,2019,2,28,게임 정말 재미있게 하고 있었요. 얼마전 레온도 뽑았고요.근데 업데이트 하니까 안들어가지네요. 빨리 해결해 주시면 감사하겠습니다.
40795,구글,부정,5,2019,4,6,여러분이거절대로하지마세요 이거진짜망겜입니다뭐하면죽고와이파이많아도렉이걸리니절대로하지마세요(트로피가있는데현질러들만있어요)더있지많전끝네도록하겠습니다(설치하면샷건100000000000번침)
40428,구글,복합,5,2019,4,7,이 게임은 다 좋은데 왜 모든 게임에서 예민한 문제인 신고라는게 없습니까? 덕분에 점수도 많이 깎이구요 저도 함 이참에 패작을 할까요? 신고를 못 하니깐요
40439,구글,복합,5,2019,4,10,게임은재밌는데 계속 튕기고 앞으로안가지고 콜트 벨런스가 너무 않맞아요.그리고 쇼다운맵 1등하면 7개 정도 트로피를 주는데 3개씩올라가고 떨어질뗀 아주 정확하게 떨어지더라고요.이점 고쳤으면 좋겠습니다. 이점 고치면 아주 망겜될거다
40827,구글,부정,5,2019,4,13,새로운 캐릭터 1라도 더해주세여 전설캐1개만...무기는 삼지창이고 특수공격 (궁극기)은/는 삼지창이 땅에서 솟아올라서 적을 2.5초동안 스턴걸게 만드는거 해주세여
40445,구글,부정,5,2019,4,8,계속 지기만 해서 짜증나고 그 일부분은 렉때문에 죽고 이걸 하라고 만든 게임 입니까?솔직히 말해서 잘하는 사람만 계속 이기고 못하는 사람은 맨날 저야 합니까? 맨날 스트레스 받은 빠엔 이 게임을 삭제 하는게 차라리 낳겠네요.
42797,구글,부정,5,2019,4,15,업데이트 가 계속반복 되면서 업데이트가 되지가않아요 그리고 제가 트로피가 2500인데 저보다 트로피 낮은 애들 이 브롤러 가훨씬많아요 그리고 제브로러가 14명 입니다 영웅 없고 신화 없고 전설도 없어요 영웅 이라도 얻게해주세요 제발
42800,구글,부정,5,2019,4,11,슈퍼셀행님들은 아인슈타인보다 천재인듯 어떻게이런게임을만들지? 너무나도재밌네요 좀 문제점이있는게 영웅.신화.전설 확률이너무적네요 제친구들은 영웅.신화.전설 다있는데 저만없어요ㅠㅡㅠ 제발 영웅이라도 나오게해주세요
42803,구글,부정,5,2019,4,14,오락성과 접근성이 뛰어난 장점은 인정하는데 데이터 쓰는데 렉 걸리는 서버 문제랑 랜덤 매칭에서 2렙 이상 차이가 발생하는 시스템때문에 별 1개 깝니다.
42804,구글,부정,5,2019,4,4,게임 이따구로 만드니까 재밌냐? 사용자를 호구로 아는 거냐? 밸런스 맞춰서 팀 분배는 개뿔 시즈 팩토린가 그 망할 팩토리가 젤 심하다 만들거면 똑바로 만들던가 다른 것도 궁 취소도 못하고 오토에임만 쓸 줄 아는애랑 3000따리 붙여놓고 이기라고 하면 그게 말이냐? 진짜 추천 안함
42814,구글,복합,5,2019,2,28,재밌긴 한데 시즈 팩토리모드 초반에 나사 겁나 많이 모으고 계속 로봇 소환해서 순삭 당함 그리고 보상이 2배이긴 한데 순식간에 트로피 20개 순삭임 그냥 시즈 팩토리 모드는 안하는게 좋음
42818,구글,부정,5,2019,4,14,제발 솔로쇼다운에 2이 같이 있으면 운석 내리는거 없애주세요 기습을 하려고 해도 운석 때문에 못하고 나 혼자 있는데 운석 떨어져서 죽고 장애물에 숨어서 피회복 하는데 운석이 떨어지네요 제발 좀 없애주세요
42846,구글,복합,5,2019,4,13,너무 재밌고 중독성있는게임이네요. 근데 전설브롤러나 같고싶은브롤러가 잘 않떠서1개깍았어요. 좀더 확률 좀 높여주세요!
42899,구글,복합,5,2019,4,15,재미있지만 트로피가 높아지면서 랭크가 오르는데 랭크가 오르면 오를수록 티밍하는유저들이 마지막에 꼭 2~4명있으니 티밍에 대해 좀 생각해 주시길 바랍니다
42905,구글,복합,5,2019,4,15,오늘업데이트정말좋지만 체험이 친선전에서도 적용되면 좋을것같습니다!!!! 아참 그리고제트로피가3400이넘는데 전설만 하나도 안나와요....
42923,구글,부정,5,2019,2,28,와이파이가풀로 켜져 있는데 게임 상에서 와이파이 빨간게 뜨네요 ㅎㅎ ㅠㅠ 전 그렉 때문에 죽은적이있지만 이 점만 잘 고려하고 고쳐주시면 이건 요즘 띵작각 저 이거 진짜 많이해가지구 ㅎ
42952,구글,부정,5,2019,4,14,게임은꿀잼이지만할말이만습니다브롤로상자애서나오는확률좀올려주세요잘안나와요영웅이나신화전설나오는확률이말이나됌니까무과금유저는어떡케하라는거애요확률좀올려주세요그리고레온너프시킨거마즘?왜아직도쌤그리고토큰밧는시간이넘김쭐여주세요시간지나면지날수록망깸돼가는느낌밸런스도마쳐주세요그리고신거버튼도만드러주세요그리고티밍은어떡캐마글거애요저티밍안하는유전대티밍엄청짜증남다이너티밍막이런것도짜증남티밍은어떡캐마글거임밸런스나그런것도마춰주세요진정한망갬돼기전애진짜화나서이럭캐말하는거애요재발밸런스좀마춰주세요그리고짜증도마니나는게임임그리고상자행운수치얼마나올라갓는지어디애보여줌그런것도만드러주세요그리고하이스트에서방어의방짜도몰르는사람들이방어캐릭으로공격가요공격의공자도몰르는사람들은공격캐릭으로방어하고신고버튼좀만드러주세요그리고잠수꾼들업세주세요잠수꾼들극혐아님신고버튼만드러주시든가해요단건다조와요이런것들만해주시면망갬애서망갬아니개됄거에요현질을헤야돼여이게임안그러먄전설꼽기가넘힘드럼
42954,구글,부정,5,2019,2,28,게임이 실행이 안되요 게다가 와이파이 잘 뜨는데도 이 게임만 들어오면 와이파이가 불안정하다고 뜨고 일부러 던져도 패널티가 없으니 자꾸 팀원이 일부러 지려고하네요
42533,구글,긍정,5,2019,4,14,이게 재밌는거죠 ? 네 너무 재밌어요 ㅎㅎㅎ 퀄리티도 완전 좋고 ! 브롤러들도 멋있고 여러가지에 능력 너무 멋지고 귀여워요 ! 이 게임 컨트롤도 제데로이고 너무 재밌는게임이라 ! 강추합니당
42557,구글,부정,5,2019,4,15,"이 게임 정말 나를 웃게 만드는 게임임. 앞으로 가면 뒤로 가서 너무 웃김. 솔로 쇼다운 2명 남아서 이기려고 할때 튕겨서 2등할때도, 또 안 움직여서 헐~~"
42558,구글,부정,5,2019,2,28,왠만하면 참고 하려 했는데 와이파이 5칸인데 렉이 너무 심하고 업데이트는 오류떠서 게임실행도안되고 너무 불편해서 게임접습니다.
42594,구글,복합,5,2019,4,12,"재미있습니다 근데 지금 트로피가 1700이,다되가는데 브롤러가 9마리밖에 없어요 완전 똥손인지 현질유도인지 ㅡㅡ 트로피대비 브롤러가 나보다 적은사람 한명도못봤네요"
42595,구글,부정,5,2019,4,15,브롤스타즈를 재밌게 하고 있는 한 유저입니다. 이번 업데이트도 좋게 봤는데 닉네임에 색깔을 바꿀 수 있게 되어서 원래 닉네임을 c3 /c같은형식으로 해서 색깔을 바꾸었던 저는 닉네임이 그대로 저렇게 바뀌어서 피해를 보았습니다. 닉네임을 예전그대로 바뀔 수 있게 개선해 주시면 감사하겠습니다.
42612,구글,긍정,5,2019,2,28,저.... 죄송합니다 오래동안 리뷰를 드리지 못 했네요 신규 브롤러도 그렇고 요즘 열일 하시는거 같아요 화이팅 해서 플래이어들에게 더 나은 게임이 되 도록 노력해 주세요!
