,brand,store,sido,gungu,address
0,nene,강원홍천군홍천점,강원,홍천군,강원 홍천군 홍천읍 갈마로 4
1,nene,강원양구군방산점,원,양구군,원 양구군 방산면 장거리 18
2,nene,강원춘천시석사점,강원,춘천시,강원 춘천시 우석로 79번길4-1
3,nene,강원춘천시퇴계점,강원,춘천시,강원 춘천시 춘주로 187번길20-4
4,nene,강원홍천군시동점,강원,홍천군,강원 홍천군 남면 시동안로 321번길34-2
5,nene,강원인제군신남점,강원,인제군,강원 인제군 남면 신남로 23
6,nene,강원춘천시교동후평점,강원,춘천시,강원 춘천시 성심로 23-1
7,nene,강원화천군산양리점,강원,화천군,강원 화천군 상서면 영서로 7740-4
8,nene,강원양구군동면점,강원,양구군,강원 양구군 동면 금강산로 1681
9,nene,강원강릉시포남1점,강원,강릉시,강원 강릉시 성덕포남로 169
10,nene,강원영월군영월점,원,영월군,원 영월군 영월읍 은행나무 58
11,nene,강원강릉시초당점,원,강릉시,원 강릉시 초당원 19
12,nene,강원원주시단계점,강원,원주시,강원 원주시 원문로 146
13,nene,강원원주시명륜점,강원,원주시,강원 원주시 남산로 30
14,nene,강원태백시태백점,강원,태백시,강원 태백시 황지로 238
15,nene,강원원주시단관점,원,원주시,원 원주시 단관초교 7
16,nene,강원속초시교동점,강원,속초시,강원 속초시 동해대로 4270
17,nene,강원속초시조양점,강원,속초시,강원 속초시 동해대로 3996
18,nene,강원원주시문막점,강원,원주시,강원 원주시 문막읍 건등로 40-3
19,nene,강원동해시부곡점,강원,동해시,강원 동해시 발한로 96
20,nene,강원양양군양양점,강원,양양군,강원 양양군 양양읍 양양로 83-1
21,nene,강원양양군하조대점,원,양양군,원 양양군 현북면 조준 6
22,nene,강원원주시오크밸리점,강원도,원주시,강원도 원주시 지정면 오크밸리1길 701층
23,nene,강원철원군지경리점,강원,철원군,강원 철원군 갈말읍 청양로 81-1
24,nene,강원인제군서화점(B),강원,인제군,강원 인제군 서화면 천도로 126번길6
25,nene,강원화천군다목리점,강원,화천군,강원 화천군 상서면 수피령로 1306
26,nene,강원평창군진부점,강원,평창군,강원 평창군 진부면 진부중앙로 50
27,nene,강원동해시망상점,강원,동해시,강원 동해시 동해대로 6270-31
28,nene,강원철원군자등리점,강원,철원군,강원 철원군 서면 자등로 578
29,nene,강원홍천군대명비발디점,원,홍천군,원 홍천군 서면 한치골 48
30,nene,강원화천군화천점,강원,화천군,강원 화천군 화천읍 중앙 48
31,nene,강원강릉시내곡점,강원,강릉시,강원 강릉시 범일로 579번길49-2
32,nene,강원속초시금호점,강원,속초시,강원 속초시 미시령로 3473
33,nene,강원원주시무실점,원,원주시,원 원주시 섬밭들 2길16-2
34,nene,강원동해시효가점,강원,동해시,강원 동해시 동해대로 5033
35,nene,강원태백시장성점,강원,태백시,강원 태백시 장성로 43-2
36,nene,강원원주시태장점,강원,원주시,강원 원주시 북원로 2714
37,nene,강원평창군대관령점,강원,평창군,강원 평창군 대관령면 경강로  2714
38,nene,강원평창군장평점,강원,평창군,강원 평창군 용평면 경강로 1663-1
39,nene,강원정선군정선점,원,정선군,원 정선군 정선읍 봉양 6길28
40,nene,경기포천시운천점,경기,포천시,경기 포천시 영북면 운천로 23
41,nene,강원철원군동송점,강원,철원군,강원 철원군 동송읍 금학로 202
42,nene,강원철원군와수리점,강원,철원군,강원 철원군 서면 와수로 181번길7-16
43,nene,강원강릉시홍제점,강원,강릉시,강원 강릉시 홍제로 33
44,nene,강원평창군봉평점,강원,평창군,강원 평창군 봉평면 태기로 68
45,nene,강원강릉시솔올점,강원,강릉시,강원 강릉시 원대로 155
46,nene,강원강릉시입암점,강원,강릉시,강원 강릉시 강변로 410번길36
47,nene,강원강릉시사천해변점,원,강릉시,원 강릉시 사천면 진리해변 99
48,nene,강원춘천시효자점,강원,춘천시,강원 춘천시 서부대성로 194
49,nene,강원춘천시칠전송암점,강원,춘천시,강원 춘천시 옛경춘로 492
50,nene,강원인제군현리점,강원,인제군,강원 인제군 기린면 내린천로 3905-1
51,nene,강원양구군양구점,원,양구군,원 양구군 양구읍 중앙 12
52,nene,강원철원군내대리점,강원,철원군,강원 철원군 갈말읍 두루미로 414
53,nene,강원원주시혁신도시점,강원,원주시,강원 원주시 웅비2길  414
54,nene,강원춘천시강북점,강원,춘천시,강원 춘천시 충열로 78-3
55,nene,강원삼척시교동점,강원,삼척시,강원 삼척시 정상로 10-6
56,nene,강원횡성군횡성점,강원,횡성군,강원 횡성군 횡성읍 읍하로 25번길14
57,nene,강원화천군사내점,강원,화천군,강원 화천군 사내면 사내로 31
58,nene,강원철원군신철원점,강원,철원군,강원 철원군 갈말읍 삼부연로 17번길3-14
59,nene,강원인제군인제점,강원,인제군,강원 인제군 인제읍 인제로 197-1
60,nene,강원동해시천곡점,강원,동해시,강원 동해시 한섬로 18
61,nene,강원고성군고성간성점,강원,고성군,강원 고성군 간성읍 간성로 65-1
62,nene,강원강릉시주문진점,강원,강릉시,강원 강릉시 주문진읍 주문로 11
63,nene,서울도봉구신창점,서울,도봉구,서울 도봉구 덕릉로 60길161
64,nene,경기파주시선유점,기,파주시,기 파주시 문산읍 독서울 1길22
65,nene,경기양주시광적점,경기,양주시,경기 양주시 광적면 삼일로 23
66,nene,경기연천군전곡점,경기도,연천군,경기도 연천군 전곡읍 은전로 78번길30
67,nene,경기동두천시생연점,경기,동두천시,경기 동두천시 삼육사로 980
68,nene,경기포천시신읍리점,경기,포천시,경기 포천시 왕방로 159
69,nene,경기양주시신산점,기,양주시,기 양주시 남면 개나리 11길38-4
70,nene,서울강북구미아점,서울,강북구,서울 강북구 삼양로 54길119
71,nene,경기의정부시의정부1점,경기,의정부시,경기 의정부시 호국로 1298번길18
72,nene,경기양주시덕계점,경기,양주시,경기 양주시 평화로 1412
73,nene,경기양주시장흥점,경기,양주시,경기 양주시 장흥면 호국로 177
74,nene,서울성동구행당1점,울,성동구,울 성동구 왕십리로 21길25
75,nene,경기연천군대광리점,경기,연천군,경기 연천군 신서면 연신로 1155-1
76,nene,서울용산구원효점,울,용산구,울 용산구 새창로 14길22
77,nene,경기고양시풍동점,경기,고양시,경기 고양시 일산동구 숲속마을로 2로106-2
78,nene,경기고양시주교점,경기,고양시,경기 고양시 덕양구 원당로 69번길14
79,nene,경기의정부시금오지구점,경기,의정부시,경기 의정부시 청사로 5번길8-17
80,nene,서울성북구정릉점,서울,성북구,서울 성북구 보국문로 90
81,nene,서울서대문구홍제1점,서울,서대문구,서울 서대문구 통일로 39길22-4
82,nene,경기양주시송추점,경기,양주시,경기 양주시 장흥면 호국로 569
83,nene,서울중랑구묵2동점,서울,중랑구,서울 중랑구 동일로 163길36
84,nene,경기고양시라페스타점,경기,고양시,경기 고양시 일산동구 무궁화로 7-45
85,nene,경기파주시봉일천점,기,파주시,기 파주시 조리읍 송비말 22
86,nene,서울동대문구용두1호점,서울,동대문구,서울 동대문구 정릉천동로 58
87,nene,경기포천시양문점,경기,포천시,경기 포천시 영중면 양문로 87-1
88,nene,서울마포구망원점,서울,마포구,서울 마포구 포은로 68
89,nene,서울동대문구신이문점,서울,동대문구,서울 동대문구 한천로 421-1
90,nene,서울노원구상계마들점,서울,노원구,서울 노원구 한글비석로 228길23상계주공14단지상가제1층104호
91,nene,경기파주시문산점,경기,파주시,경기 파주시 문산읍 문향로 30
92,nene,경기고양시성석점,경기,고양시,경기 고양시 일산동구 고봉로 604-32동101호
93,nene,서울성북구보문점,서울,성북구,서울 성북구 보문로 47
94,nene,경기고양시행신3점,경기,고양시,경기 고양시 덕양구 화신로 101상가동103호
95,nene,서울중랑구망우점,서울,중랑구,서울 중랑구 용마산로 493
96,nene,경기고양시식사동점,경기,고양시,경기 고양시 일산동구 위시티3로 3로53-5
97,nene,경기양주시고읍지구점,경기,양주시,경기 양주시 고읍로 35번길29-7
98,nene,서울광진구화양점,서울,광진구,서울 광진구 아차산로 21길43
99,nene,경기연천군연천점,경기,연천군,경기 연천군 연천읍 연천로 330
100,nene,경기고양시주엽1점,경기,고양시,경기 고양시 일산서구 대산로 58
101,nene,서울광진구어린이대공원점,서울,광진구,서울 광진구 광나루로 521
102,nene,서울은평구역촌점,서울,은평구,서울 은평구 역말로 7길3-2
103,nene,서울강북구수유점,서울,강북구,서울 강북구 삼양로 74길18
104,nene,경기포천시이동점,경기,포천시,경기 포천시 이동면 성장로 1길9-1
105,nene,서울은평구신사점,서울,은평구,서울 은평구 증산로 17길8-1
106,nene,서울강북구삼각산점,서울,강북구,서울 강북구 삼양로 19길74
107,nene,서울중랑구면목1동점,서울,중랑구,서울 중랑구 사가정로 49길43
108,nene,서울노원구상계2점,서울,노원구,서울 노원구 상계로 9가길17
109,nene,경기양주시덕정점,경기,양주시,경기 양주시 화합로 1402번길24-50
110,nene,경기고양시대화점,경기,고양시,경기 고양시 일산서구 강성로 214번길16-4
111,nene,서울성북구동소문점,서울,성북구,서울 성북구 아리랑로 5길39
112,nene,경기의정부시장암점,경기,의정부시,경기 의정부시 장곡로 322번길14-9
113,nene,서울도봉구방학2점,서울,도봉구,서울 도봉구 방학로 117
114,nene,경기양주시백석점,경기,양주시,경기 양주시 백석읍 호명로 22
115,nene,경기의정부시신곡점,경기,의정부시,경기 의정부시 시민로 176
116,nene,서울성북구장위2동점,서울,성북구,서울 성북구 돌곶이로 27길59-3
117,nene,서울성북구석관점(B),서울,성북구,서울 성북구 한천로 76길20
118,nene,서울성동구한양점,서울,성동구,서울 성동구 마조로 59
119,nene,경기포천시일동점,경기,포천시,경기 포천시 일동면 화동로 1063번길1-2
120,nene,서울성동구금호점,서울,성동구,서울 성동구 독서당로 315-4
121,nene,경기고양시행신2점,경기,고양시,경기 고양시 덕양구 무원로 6무원빌딩111호
122,nene,경기의정부시금오점,경기,의정부시,경기 의정부시 하금로 45
123,nene,경기고양시백마점,경기,고양시,경기 고양시 일산동구 경의로 309
124,nene,경기고양시덕이점,경기,고양시,경기 고양시 일산서구 탄중로 101번길60
125,nene,서울종로구창신점(B),서울,종로구,서울 종로구 지봉로 62
126,nene,경기의정부시호원점,경기,의정부시,경기 의정부시 평화로 428번길14
127,nene,경기동두천시중앙점,경기,동두천시,경기 동두천시 동광로 81번길15
128,nene,서울광진구중곡2점,서울,광진구,서울 광진구 동일로 64길14
129,nene,경기고양시신원점,경기,고양시,경기 고양시 덕양구 권율대로 831103
130,nene,서울광진구자양점,서울,광진구,서울 광진구 능동로 10길109
131,nene,서울강북구번동점,서울,강북구,서울 강북구 오현로 31길129
132,nene,서울마포구성산점,서울,마포구,서울 마포구 월드컵북로 27길19
133,nene,서울동대문구휘경1점,서울,동대문구,서울 동대문구 한천로 244-11
134,nene,서울서대문구남가좌점,서울,서대문구,서울 서대문구 증가로 10길5
135,nene,경기의정부시망월사역점,경기,의정부시,경기 의정부시 평화로 196
136,nene,서울광진구군자송정점,서울,광진구,서울 광진구 동일로 52길15
137,nene,경기의정부시가능3점,경기,의정부시,경기 의정부시 호국로 1135번길25
138,nene,서울성북구길음점,서울,성북구,서울 성북구 삼양로 12길5
139,nene,경기포천시송우점,기,포천시,기 포천시 소흘읍 봉솔로 3길17
140,nene,경기고양시관산점,경기,고양시,경기 고양시 덕양구 통일로 780번길16
141,nene,서울마포구상암점(B),서울,마포구,서울 마포구 월드컵북로 47길46
142,nene,경기파주시금촌2동점,경기,파주시,경기 파주시 황골로 69
143,nene,서울용산구이촌점,서울,용산구,서울 용산구 이촌로 46
144,nene,경기고양시화정2점,경기도,고양시,경기도 고양시 덕양구 화정로 86
145,nene,서울도봉구창동점,서울,도봉구,서울 도봉구 덕릉로 59마길40
146,nene,경기의정부시신시가지점,경기,의정부시,경기 의정부시 범골로 82번길30
147,nene,서울용산구보광점,서울,용산구,서울 용산구 보광로 52-1
148,nene,서울마포구홍대역점,서울특별시,마포구,서울특별시 마포구 동교로 192
149,nene,경기파주시법원점,경기,파주시,경기 파주시 법원읍 사임당로 791
150,nene,경기파주시운정1점,경기,파주시,경기 파주시 와석순환로 307
151,nene,경기고양시가좌점,경기,고양시,경기 고양시 일산서구 가좌로 1로38
152,nene,서울도봉구도봉산역점,서울,도봉구,서울 도봉구 도봉산3길  1로38
153,nene,서울중랑구면목3점,서울,중랑구,서울 중랑구 용마산로 89길16
154,nene,서울중구을지로점,서울,중구,서울 중구 퇴계로 51길19
155,nene,서울동대문구전농점,서울,동대문구,서울 동대문구 전농로 51길35
156,nene,서울강북구수유2점,서울,강북구,서울 강북구 삼각산로 99
157,nene,서울중랑구중화점,서울,중랑구,서울 중랑구 동일로 123길91
158,nene,경기고양시화정1점,경기,고양시,경기 고양시 덕양구 화중로 130번길5-37
159,nene,서울서대문구북가좌2점,서울,서대문구,서울 서대문구 증가로 211
160,nene,경기의정부시가능2점,경기,의정부시,경기 의정부시 가능로 39번길10
161,nene,경기연천군군남점,경기,연천군,경기 연천군 군남면 군왕로 8
162,nene,경기고양시성사점,경기,고양시,경기 고양시 덕양구 마상로 169
163,nene,서울성동구성수2가점,울,성동구,울 성동구 성덕정 27
164,nene,서울은평구대조점,서울,은평구,서울 은평구 통일로 73길28-1
165,nene,경기파주시운정3점,경기,파주시,경기 파주시 한빛로 9
166,nene,서울광진구중곡1점,서울,광진구,서울 광진구 면목로 148
167,nene,서울종로구광화문점(B),서울,종로구,서울 종로구 사직로 8길20
168,nene,서울노원구상계중앙점,서울,노원구,서울 노원구 동일로 459-37상계주공1단지가상
169,nene,서울종로구독립문점,서울,종로구,서울 종로구 통일로 262
170,nene,서울중랑구면목2점,서울,중랑구,서울 중랑구 망우로 30길34
171,nene,서울서대문구홍은1점,서울,서대문구,서울 서대문구 간호대로 16
172,nene,서울중랑구상봉1점,서울,중랑구,서울 중랑구 신내로 52길73
173,nene,경기포천시가산점,경기,포천시,경기 포천시 가산면 가산로 324
174,nene,서울중랑구신내1점,서울,중랑구,서울 중랑구 신내로 135
175,nene,경기양주시옥정지구점,경기,양주시,경기 양주시 새터로 19번길8
176,nene,경기양주시은현점,경기,양주시,경기 양주시 은현면 은현로 61
177,nene,서울은평구구산점,서울,은평구,서울 은평구 갈현로 123
178,nene,경기고양시고양동점,경기,고양시,경기 고양시 덕양구 혜음로 56
179,nene,서울노원구하계1점,서울,노원구,서울 노원구 공릉로 59가길28
180,nene,서울마포구공덕점,서울,마포구,서울 마포구 만리재로 86
181,nene,서울동대문구청량리점,서울,동대문구,서울 동대문구 홍릉로 50
182,nene,서울도봉구쌍문점,서울,도봉구,서울 도봉구 노해로 38길7
183,nene,서울종로구종로점,서울,종로구,서울 종로구 수표로 26길12파고다빌딩1층
184,nene,서울은평구녹번점,서울,은평구,서울 은평구 은평로 160
185,nene,서울노원구중계4동점,서울,노원구,서울 노원구 덕릉로 89길9
186,nene,경기의정부시민락용현점,경기,의정부시,경기 의정부시 용현로 120번길3
187,nene,서울은평구불광점,서울,은평구,서울 은평구 불광로 197
188,nene,서울서대문구연희점,서울,서대문구,서울 서대문구 연희로 90
189,nene,경기파주시LCD점,경기,파주시,경기 파주시 월롱면 엘씨디로 8번길34
190,nene,서울노원구중계2동점,서울,노원구,서울 노원구 동일로 207길18
191,nene,서울은평구갈현1점,서울,은평구,서울 은평구 연서로 29길30-5
192,nene,서울종로구상명대점,서울,종로구,서울 종로구 홍지문2길 6
193,nene,서울광진구자양2점,서울,광진구,서울 광진구 뚝섬로 52가길6
194,nene,서울마포구서교점,서울,마포구,서울 마포구 월드컵북로 7길11
195,nene,서울마포구마포역점,서울,마포구,서울 마포구 새창로 52현대아파트상가제12동156호
196,nene,서울동대문구회기점,서울,동대문구,서울 동대문구 회기로 25길17-9
197,nene,서울마포구신수점(B),서울,마포구,서울 마포구 광성로 17
198,nene,경기포천시내촌점,경기,포천시,경기 포천시 내촌면 내촌로 26
199,nene,서울중구신당2점,서울,중구,서울 중구 청구로 17길77
200,nene,경기동두천시송내지구점,경기,동두천시,경기 동두천시 동두천로 151
201,nene,서울성동구왕십리뉴타운점,서울특별시,성동구,서울특별시 성동구 왕십리로410 151
202,nene,서울은평구응암점,서울,은평구,서울 은평구 응암로 286
203,nene,서울서대문구이대역점,서울,서대문구,서울 서대문구 연세로 2길84
204,nene,서울용산구숙대점,서울,용산구,서울 용산구 청파로 333
205,nene,경기고양시백석2점,경기,고양시,경기 고양시 일산동구 중앙로 1123
206,nene,서울도봉구방학1점,서울,도봉구,서울 도봉구 도당로 27길20
207,nene,서울성북구월곡점,서울,성북구,서울 성북구 오패산로 46
208,nene,서울성북구종암점(B),서울,성북구,서울 성북구 종암로 19길37
209,nene,서울노원구공릉역점(B),서울시,노원구,서울시 노원구 동일로 191길19
210,nene,서울금천구시흥2점,서울,금천구,서울 금천구 금하로 756
211,nene,서울동작구신대방점,서울,동작구,서울 동작구 여의대방로 28
212,nene,서울영등포구여의도점,서울,영등포구,서울 영등포구 의사당대로 108
213,nene,서울관악구신림2점,서울,관악구,서울 관악구 신림로 158
214,nene,서울영등포구영등포점,서울,영등포구,서울 영등포구 영신로 9길3-1
215,nene,서울송파구거여점,서울,송파구,서울 송파구 성내천로 136
216,nene,서울동작구상도1점,서울,동작구,서울 동작구 상도로 50길9
217,nene,서울영등포구대림3점,서울,영등포구,서울 영등포구 도림로 53길34-1
218,nene,서울관악구관악구청점,서울,관악구,서울 관악구 쑥고개로 93
219,nene,서울강남구개포1점,서울,강남구,서울 강남구 개포로 25길12
220,nene,서울영등포구여의도2호점,서울,영등포구,서울 영등포구 국제금융로 7길32
221,nene,서울서초구잠원점,서울,서초구,서울 서초구 나루터로 68
222,nene,서울영등포구신풍역점,서울,영등포구,서울 영등포구 대방천로 222-1
223,nene,서울관악구인헌점,울,관악구,울 관악구 인헌 58
224,nene,서울서초구우면점,울,서초구,울 서초구 형촌 15
225,nene,서울송파구잠실본점,서울,송파구,서울 송파구 백제고분로 7길24-27
226,nene,서울영등포구영등포푸르지오점,서울,영등포구,서울 영등포구 양산로 177
227,nene,서울송파구석촌점,서울,송파구,서울 송파구 가락로 55
228,nene,서울관악구봉천중앙점,서울,관악구,서울 관악구 남부순환로 231길16
229,nene,서울송파구가락2점,서울,송파구,서울 송파구 송이로 19길5
230,nene,서울송파구문정장지점,서울,송파구,서울 송파구 새말로 147
231,nene,서울금천구독산점,서울,금천구,서울 금천구 남부순환로 126길69
232,nene,서울송파구가락점,서울,송파구,서울 송파구 문정로 44길20
233,nene,서울서초구방배본동점,서울,서초구,서울 서초구 방배중앙로 25길24
234,nene,서울서초구반포2점,서울,서초구,서울 서초구 강남대로 85길21-8
235,nene,서울서초구서초2점,서울,서초구,서울 서초구 효령로 46길14
236,nene,서울강남구역삼충현점,서울,강남구,서울 강남구 봉은사로 26길28
237,nene,서울서초구서초1호점,서울,서초구,서울 서초구 효령로 77길18
238,nene,서울관악구난곡점,울,관악구,울 관악구 미성 3길8
239,nene,서울강남구신사점,서울,강남구,서울 강남구 논현로 159길25
240,nene,서울강남구도곡점,서울,강남구,서울 강남구 도곡로 28길8
241,nene,서울송파구풍납점,서울,송파구,서울 송파구 풍성로 29-1
242,nene,서울동작구사당이수점,서울,동작구,서울 동작구 사당로 27길64
243,nene,서울관악구봉천현대점(B),서울,관악구,서울 관악구 봉천로 441
244,nene,서울송파구송파방이2점,서울,송파구,서울 송파구 가락로 36길15
245,nene,서울서초구서초중앙점,서울,서초구,서울 서초구 서초중앙로 24길55111호
246,nene,서울강남구논현1점,서울,강남구,서울 강남구 강남대로 126길38
247,nene,서울강남구청담점,서울,강남구,서울 강남구 삼성로 145길14
248,nene,서울송파구위례점,서울,송파구,서울 송파구 위례광장로 193
249,nene,서울강남구세곡자곡점,서울,강남구,서울 강남구 자곡로 202
250,nene,서울동작구중대점,서울,동작구,서울 동작구 흑석로 7길6-1
251,nene,서울동작구상도2호점(B),서울,동작구,서울 동작구 성대로  7길6-1
252,nene,서울송파구잠실새내역점,서울,송파구,서울 송파구 올림픽로 119
253,nene,서울영등포구신길점,서울,영등포구,서울 영등포구 가마산로 404
254,nene,서울강남구수서점,서울,강남구,서울 강남구 광평로 51길22
255,nene,경기과천시과천1점,경기,과천시,경기 과천시 별양로 85
256,nene,서울관악구봉천점,서울,관악구,서울 관악구 은천로 9길14
257,nene,서울강남구대치점,서울,강남구,서울 강남구 삼성로 417
258,nene,서울관악구신림점,서울,관악구,서울 관악구 문성로 215
259,nene,서울서초구양재점,서울,서초구,서울 서초구 동산로 46
260,nene,서울송파구잠실1점,서울,송파구,서울 송파구 올림픽로 35가길11
261,nene,서울금천구가산독산1동점,서울,금천구,서울 금천구 가산로 3길55
262,nene,서울관악구신림남부점,서울,관악구,서울 관악구 남부순환로 143길16
263,nene,서울송파구삼전점,서울,송파구,서울 송파구 삼전로6길 64
264,nene,서울송파구오금점(B),서울,송파구,서울 송파구 마천로 184
265,nene,서울영등포구대림점(B),서울,영등포구,서울 영등포구 디지털로 398대성빌딩
266,nene,서울강남구역삼1점,서울,강남구,서울 강남구 논현로 67길48
267,nene,서울서초구반포1점,서울,서초구,서울 서초구 반포대로 316
268,nene,서울동작구대방점,서울,동작구,서울 동작구 등용로 40현대아파트종합상가106-1호
269,nene,서울금천구금천점,서울,금천구,서울 금천구 은행나무로 22
270,nene,서울동작구노량진점,서울,동작구,서울 동작구 만양로 8길50
271,nene,서울양천구신정점,서울,양천구,서울 양천구 신목로 12길17
272,nene,서울강서구염창점,서울,강서구,서울 강서구 양천로 637
273,nene,서울강서구방화2점,서울,강서구,서울 강서구 금낭화로 26
274,nene,경기광명시하안점,경기,광명시,경기 광명시 하안로 254
275,nene,서울구로구구로1점,서울,구로구,서울 구로구 구로동로 35가길10
276,nene,서울강서구화곡본동점,서울,강서구,서울 강서구 초록마을로 2길54
277,nene,서울강서구등촌3동점,서울,강서구,서울 강서구 공항대로 41길65
278,nene,경기안양시평촌1호점,경기,안양시,경기 안양시 동안구 달안로 153
279,nene,경기광명시철산점,경기,광명시,경기 광명시 도덕공원로 68
280,nene,서울강서구까치산점,서울,강서구,서울 강서구 강서로 12길40
281,nene,서울강서구화곡남부시장점,서울,강서구,서울 강서구 곰달래로 53길50
282,nene,경기안양시석수점,경기,안양시,경기 안양시 만안구 석천로 167-3
283,nene,서울강서구화곡1동점,서울,강서구,서울 강서구 가로공원로 76길95
284,nene,서울양천구신월1동점,서울,양천구,서울 양천구 가로공원로 148
285,nene,경기안양시안양2호점,경기,안양시,경기 안양시 만안구 냉천로 22
286,nene,서울강서구등촌2동점,서울,강서구,서울 강서구 등촌로 51가길47
287,nene,경기안양시호계갈산점,경기,안양시,경기 안양시 동안구 51가길47
288,nene,경기광명시소하점,경기,광명시소하로,경기 광명시소하로 189
289,nene,경기안양시호계오전점,경기,안양시,경기 안양시 동안구 포도원로 27
290,nene,서울강서구가양1점(B),서울,강서구,서울 강서구 양천로 443-32
291,nene,서울양천구화곡3동점,서울,양천구,서울 양천구 월정로 42길9
292,nene,서울구로구남구로점,서울,구로구,서울 구로구 도림로 12길24
293,nene,경기광명시광명사거리점,경기,광명시,경기 광명시 오리로 985번안길7
294,nene,서울강서구방화1점,서울,강서구,서울 강서구 양천로 24가길3
295,nene,서울양천구목4동점,서울,양천구,서울 양천구 목동중앙서로 48
296,nene,경기안양시호계2호점,경기,안양시,경기 안양시 동안구 전파로 88
297,nene,서울강서구수명산파크점,서울,강서구,서울 강서구 강서로 47길108
298,nene,서울양천구신월점,서울,양천구,서울 양천구 신월로 99
299,nene,서울구로구구로테크노마트점,서울,구로구,서울 구로구 새말로 102
300,nene,서울구로구근린공원점,서울,구로구,서울 구로구 고척로 27길115
301,nene,경기안양시관양지구점,경기,안양시,경기 안양시 동안구 관악대로 374번길19
302,nene,경기안양시관양비산점,경기,안양시,경기 안양시 동안구 평촌대로 382
303,nene,경기광명시광명시장점,경기,광명시,경기 광명시 광이로 32
304,nene,경기안양시평촌2호점,경기,안양시,경기 안양시 동안구 관평로 138번길24
305,nene,서울양천구목5동점(B),서울,양천구,서울 양천구 목동서로 100목동신시가지아파트제상
306,nene,서울양천구신월2점,서울,양천구,서울 양천구 오목로 77
307,nene,서울구로구오류1점,서울,구로구,서울 구로구 부일로 953
308,nene,경기광명시광명KTX역점,경기,광명시,경기 광명시 덕안로 77번길5
309,nene,경기안양시박달점,경기,안양시,경기 안양시 만안구 양화로 148번길15
310,nene,서울양천구양천구청점,서울,양천구,서울 양천구 목동남로 2길15
311,nene,서울구로구고척1점,서울,구로구,서울 구로구 경서로 45
312,nene,경기광명시철산역점,경기,광명시,경기 광명시 디지털로 5푸르지오하늘채아파트종합상가B1F144호
313,nene,서울구로구개봉점(B),서울,구로구,서울 구로구 개봉로 11길34
314,nene,서울양천구신정1동점,서울,양천구,서울 양천구 은행정로 16-1
315,nene,서울구로구신도림점,서울,구로구,서울 구로구 신도림로 11길43
316,nene,경기부천시송내점,경기,부천시,경기 부천시 소사구 송내대로 30번길71
317,nene,경기김포시양곡점,경기,김포시,경기 김포시 김포한강로 9로121
318,nene,인천동구동인천송현점,인천,동구,인천 동구 화도로 15
319,nene,인천부평구부개점,인천,부평구,인천 부평구 길주남로 101번길4-19
320,nene,경기시흥시월곶점,경기,시흥시,경기 시흥시 월곶중앙로 90
321,nene,인천남동구논현점,인천,남동구,인천 남동구 논곡로 79
322,nene,경기부천시범박점,경기,부천시,경기 부천시 소사구 소사동로 93
323,nene,경기부천시원종점,경기,부천시,경기 부천시 오정구 소사로 775번길50
324,nene,인천계양구계산점,천,계양구,천 계양구 용마루 20
325,nene,경기부천시심곡점,경기,부천시,경기 부천시 소사구 심곡로 67번길67
326,nene,인천남구주안점,인천,남구,인천 남구 인주대로 489
327,nene,경기부천시원미점,경기,부천시,경기 부천시 원미구 조마루로 386번길26
328,nene,인천남구주안역점,인천,남구,인천 남구 주안로 201
329,nene,경기부천시오정점,경기,부천시,경기 부천시 오정구 부천로 478번길60
330,nene,경기김포시김포1호점,경기,김포시,경기 김포시 관순로 28
331,nene,인천부평구부평중앙점,인천,부평구,인천 부평구 장제로 84번길6
332,nene,인천서구가좌점,인천,서구,인천 서구 여우재로 109
333,nene,경기김포시고촌점,경기,김포시,경기 김포시 고촌읍 은행영사정로 35102
334,nene,경기김포시풍무점,경기,김포시,경기 김포시 양도로 18
335,nene,경기김포시장기점,경기,김포시,경기 김포시 김포한강로 3로290-16
336,nene,인천강화군강화1점,인천,강화군,인천 강화군 강화읍 강화대로 362
337,nene,인천부평구부평남부점,인천,부평구,인천 부평구 남부역로 3
338,nene,인천남동구간석점(B),인천,남동구,인천 남동구 구월로 131번길52
339,nene,인천연수구송도신도시점,인천,연수구,인천 연수구 해돋이로 107
340,nene,경기부천시심곡북부점,경기,부천시,경기 부천시 원미구 부흥로 430
341,nene,경기시흥시거모점(B),경기,시흥시,경기 시흥시 한우물로 25
342,nene,인천중구월미점,인천,중구,인천 중구 월미로 223
343,nene,인천중구하늘도시점,인천,중구,인천 중구 하늘달빛로 95
344,nene,인천연수구선학점,인천,연수구,인천 연수구 선학로 90
345,nene,경기시흥시시화점,경기,시흥시,경기 시흥시 중심상가로 39
346,nene,인천서구신현점(B),인천,서구,인천 서구 율도로 77번길12
347,nene,인천남동구논현택지점(B),인천,남동구,인천 남동구 소래역서로 10-28
348,nene,인천남구문학관교점,인천,남구,인천 남구 매소홀로 576번길5-9
349,nene,경기시흥시정왕점,경기,시흥시,경기 시흥시 정왕천로 427번길6-1102호
350,nene,경기시흥시은행점,경기,시흥시,경기 시흥시 은행로 167번길3
351,nene,인천부평구부일점,인천,부평구,인천 부평구 경인로 1092번길17-1
352,nene,인천남동구서창1점,인천,남동구,인천 남동구 서창남순환로 108
353,nene,인천남구제물포점,천,남구,천 남구 수봉안 13번길2
354,nene,인천연수구송도3동점,인천,연수구,인천 연수구 송도문화로 28번길28
355,nene,인천연수구연수2동3동점,인천,연수구,인천 연수구 샘말로 87번길1
356,nene,인천서구청라1호점,인천,서구,인천 서구 청라라임로 138번길4-9
357,nene,인천계양구작전점,인천,계양구,인천 계양구 주부토로 447
358,nene,인천부평구십정점,인천,부평구,인천 부평구 열우물로 62-1
359,nene,경기부천시고강점,경기,부천시,경기 부천시 오정구 역곡로 444
360,nene,경기시흥시신천점(B),경기,시흥시,경기 시흥시 신천로 100번안길10
361,nene,인천연수구동춘점,인천,연수구,인천 연수구 먼우금로 83번길49
362,nene,경기부천시중동1점,경기,부천시,경기 부천시 중동로 171번길13-1
363,nene,인천부평구삼산1동점,인천,부평구,인천 부평구 대보로 24번길12
364,nene,경기시흥시연성2지구점,경기,시흥시,경기 시흥시 장곡로 15
365,nene,인천계양구효성점(B),인천,계양구,인천 계양구 새벌로 130
366,nene,인천연수구옥련점(B),인천,연수구,인천 연수구 한나루로 87주문빌딩301호
367,nene,인천서구석남점,인천,서구,인천 서구 면개포로 13-1
368,nene,인천서구연희점,인천,서구,인천 서구 승학로 199-1
369,nene,인천남동구구월점,인천,남동구,인천 남동구 용천로 27
370,nene,인천계양구동양점,천,계양구,천 계양구 당미 1길7
371,nene,인천서구당하점,인천,서구,인천 서구 원당대로 675
372,nene,경기시흥시오이도역점,경기,시흥시,경기 시흥시 함송로 24
373,nene,인천연수구청학점,인천,연수구,인천 연수구 비류대로 239번길25
374,nene,인천남구용현점,인천,남구,인천 남구 아암대로 45번길83-8
375,nene,인천남구학익점,인천,남구,인천 남구 소성로 175-16
376,nene,경기시흥시배곧1점,경기,시흥시,경기 시흥시 배곧4로 4로32-27
377,nene,인천남동구만수2점,인천,남동구,인천 남동구 만수서로 180번길114
378,nene,인천부평구부평롯데점,인천,부평구,인천 부평구 경원대로 1367번길12
379,nene,인천동구송림점,인천,동구,인천 동구 동산로 89
380,nene,인천계양구계산중앙점(B),인천,계양구,인천 계양구 게양대로 194번길18
381,nene,경기부천시상동북부점,경기,부천시,경기 부천시 원미구 송내대로 265번길37
382,nene,인천부평구산곡점,인천,부평구,인천 부평구 화랑남로 9번길20
383,nene,인천옹진군백령점,인천,옹진군,인천 옹진군 백령면 백령로 272-1
384,nene,경기부천시역곡점,경기,부천시,경기 부천시 원미구 역곡로 20번길86
385,nene,인천남구주안2점,인천,남구,인천 남구 인주대로 319번길38
386,nene,경기부천시소사점,경기,부천시,경기 부천시 소사구 은성로 68번길23
387,nene,인천부평구갈산점(B),인천,부평구,인천 부평구 굴포로 81-1
388,nene,인천옹진군영흥점,인천시,옹진군,인천시 옹진군 영흥면 영흥로 434
389,nene,인천서구검암점,인천,서구,인천 서구 도요지로 189번길104
390,nene,경기부천시중동약대점,경기,부천시,경기 부천시 원미구 도약로 67
391,nene,인천중구운서점,인천,중구,인천 중구 영종대로 278번길50
392,nene,경기김포시마송점,경기,김포시,경기 김포시 통진읍 조강로 102
393,nene,인천서구마전점,인천,서구,인천 서구 검단로 623번길17
394,nene,경기부천시여월점,경기,부천시,경기 부천시 오정구 삼작로 335
395,nene,인천남동구만수1점,인천,남동구,인천 남동구 하촌로 48
396,nene,경기부천시상동점,경기,부천시,경기 부천시 원미구 조마루로 105번길8-8
397,nene,인천계양구계양점,인천,계양구,인천 계양구 임학서로 18
398,nene,경기남양주시오남리점,경기,남양주시,경기 남양주시 오남읍 진건오남로 595-22
399,nene,경기남양주시금곡점,경기,남양주시,경기 남양주시 경춘로 992번길1
400,nene,경기양평군양평점,경기,양평군,경기 양평군 양평읍 양근로 120
401,nene,경기남양주시사능점,경기,남양주시,경기 남양주시 진건읍 진건오남로 86번길36
402,nene,경기구리시인창점,경기,구리시,경기 구리시 건원대로 99번길80
403,nene,경기남양주시덕소점(B),경기,남양주시,경기 남양주시 와부읍 덕소로 284번길10-7
404,nene,경기남양주시월산점,경기,남양주시,경기 남양주시 화도읍 경춘로 2186
405,nene,경기가평군청평점,경기,가평군,경기 가평군 청평면 잠곡로 3
406,nene,경기가평군가평점,경기,가평군,경기 가평군 가평읍 석봉로 230
407,nene,경기이천시갈산점,경기,이천시,경기 이천시 영창로 314번길51
408,nene,경기여주시여주점,경기,여주시,경기 여주시 여흥로 157
409,nene,경기가평군현리점,경기,가평군,경기 가평군 하면 현창로 38번길2
410,nene,경기남양주시호평점,경기도,남양주시,경기도 남양주시 천마산로 16번길2
411,nene,경기광주시태전점,경기,광주시,경기 광주시 태봉로 20
412,nene,경기여주시가남점,경기,여주군,경기 여주군 가남면 경충대로 1162-20
413,nene,경기남양주시수동점,경기,남양주시,경기 남양주시 수동면 비룡로 788
414,nene,경기하남시덕풍점,경기,하남시,경기 하남시 신평로 855번길56
415,nene,경기구리시수택점,경기,구리시,경기 구리시 원수택로 45
416,nene,경기남양주시도농점,경기,남양주시,경기 남양주시 미금로 42번길20-1
417,nene,경기성남시이매점,경기,성남시,경기 성남시 분당구 성남대로 779번길52
418,nene,서울강동구성내1점,울,강동구,울 강동구 천호옛 14길34
419,nene,경기광주시오포2호점,경기,광주시,경기 광주시 오포읍 오포로 347
420,nene,경기남양주시평내점,경기,남양주시,경기 남양주시 경춘로 1286번안길24
421,nene,경기양평군용두리점,경기,양평군,경기 양평군 청운면 용두로 141
422,nene,경기남양주시덕소2호점,경기,남양주시,경기 남양주시 와부읍 수레로 59
423,nene,서울강동구천호2동점,서울,강동구,서울 강동구 올림픽로 78길15-4
424,nene,경기성남시서현점(B),경기,성남시,경기 성남시 분당구 중앙공원로 54234동104호
425,nene,경기성남시정자점,경기,성남시,경기 성남시 분당구 백현로 152
426,nene,경기성남시정자2호점,경기,성남시,경기 성남시 분당구 정자로 143
427,nene,서울강동구천호1점,서울,강동구,서울 강동구 구천면로 284
428,nene,경기가평군북면점,경기,가평군,경기 가평군 북면 화악산로 11번길5
429,nene,경기광주시신현점,경기,광주시,경기 광주시 오포읍 신현로 44-10102호
430,nene,경기하남시신장점,경기,하남시,경기 하남시 하남대로 777번길37
431,nene,경기남양주시창현점,경기,남양주시,경기 남양주시 화도읍 수레로 1234-26
432,nene,경기성남시수진점,경기,성남시,경기 성남시 수정구 산성대로 157번길27-2
433,nene,경기광주시곤지암점,기,광주시,기 광주시 곤지암읍 평촌 30-21
434,nene,경기성남시서판교점,경기,성남시,경기 성남시 분당구 판교로 25번길22-6
435,nene,경기남양주시진접지구점,경기,남양주시,경기 남양주시 진접읍 해밀예당로 2로125
436,nene,경기광주시광주점,경기,광주시,경기 광주시 통미로 60
437,nene,경기양평군한화리조트점,기,양평군,기 양평군 옥천면 신촌 188
438,nene,경기남양주시별내2호점,경기,남양주시,경기 남양주시 두물로 39번길22-14
439,nene,경기성남시야탑점,경기,성남시,경기 성남시 분당구 매화로 48번길12-6
440,nene,경기이천시관고동점,경기,이천시,경기 이천시 영창로 66
441,nene,경기여주시오학점,경기,여주시,경기 여주시 학동 1길 53
442,nene,경기성남시태평점,경기,성남시,경기 성남시 수정구 탄리로 132번길9
443,nene,경기구리시교문점,경기,구리시,경기 구리시 안골로 11
444,nene,경기성남시상대원점,경기,성남시,경기 성남시 중원구 박석로 93번길2-1
445,nene,경기성남시동판교점(B),경기,성남시,경기 성남시 분당구 동판교로 52번길17-4
446,nene,서울강동구길동1점,서울,강동구,서울 강동구 진황도로 47길15
447,nene,경기성남시수내점(B),경기,성남시,경기 성남시 분당구 발이봉북로 24번길1
448,nene,경기광주시양벌점,경기,광주시,경기 광주시 오포읍 양벌로 40
449,nene,경기남양주시마석점(B),경기,남양주시,경기 남양주시 화도읍 마석로 112
450,nene,경기남양주시청학점,경기,남양주시,경기 남양주시 별내면 청학로 92번길35
451,nene,경기남양주시퇴계원점,경기,남양주시,경기 남양주시 퇴계원면 퇴계원로 78번길3-2
452,nene,경기성남시산성점,경기도,성남시,경기도 성남시 수정구 희망로 534번길6
453,nene,서울강동구강일점,서울,강동구,서울 강동구 아리수로 94길19
454,nene,서울강동구암사2점,서울,강동구,서울 강동구 고덕로 28길10-5
455,nene,경기성남시구미점,경기,성남시,경기 성남시 분당구 28길10-5
456,nene,경기하남시미사1점,경기도,하남시,경기도 하남시 미사강변한강로 220번길27
457,nene,경기남양주시다산진건점,경기,남양주시,경기 남양주시 다산순환로 325
458,nene,경기성남시성남점,경기,성남시,경기 성남시 중원구 원터로 105번길8
459,nene,경기성남시단대오거리점,경기,성남시,경기 성남시 중원구 자혜로 8번길20
460,nene,경기남양주시천마산점,경기,남양주시,경기 남양주시 화도읍 먹갓로 28번길15
461,nene,경기이천시아미점,경기,이천시,경기 이천시 부발읍 경충대로 2039
462,nene,경기성남시위례중앙점,경기,성남시,경기 성남시 수정구 위례서일로 3길 34
463,nene,서울강동구명일점(B),서울,강동구,서울 강동구 동남로 67길22
464,nene,경기오산시운암1점,경기,오산시,경기 오산시 운천로 99
465,nene,경기안산시월피점,경기,안산시,경기 안산시 상록구 예술광장로 1로48
466,nene,경기오산시궐동점,경기,오산시,경기 오산시 궐동로 69번길7
467,nene,경기평택시포승점,경기,평택시,경기 평택시 포승읍 여술로 43번길19
468,nene,경기화성시안녕점,경기,화성시,경기 화성시 화산중앙로 64번길3
469,nene,경기안산시초지점,경기,안산시,경기 안산시 단원구 초지로 128
470,nene,경기화성시향남1지구점,경기,화성시,경기 화성시 향남읍 행정서로2길 214-18
471,nene,경기오산시세교신도시점,경기,오산시,경기 오산시 오산대역로 132번길30
472,nene,경기평택시팽성점(B),기,평택시,기 평택시 팽성읍 팽성대교 14
473,nene,경기군포시금정점,경기,군포시,경기 군포시 당산로 197번길4
474,nene,경기군포시대야미점,경기,군포시,경기 군포시 대야로 1로13
475,nene,경기수원시영통1호점,경기,수원시,경기 수원시 영통구 매영로 398번길4
476,nene,경기수원시우만점,경기,수원시,경기 수원시 팔달구 중부대로 223번길20-7
477,nene,경기용인시신갈점,경기,용인시,경기 용인시 기흥구 용구대로 2152번길39
478,nene,경기용인시용인1호점,경기,용인시,경기 용인시 처인구 중부대로 1404
479,nene,경기의왕시내손동점,경기,의왕시,경기 의왕시 복지 1404
480,nene,경기의왕시부곡점,기,의왕시,기 의왕시 부곡중앙남 6길86
481,nene,경기용인시모현점,경기,용인시,경기 용인시 처인구 모현면 백옥대로 2594
482,nene,경기수원시정자2동점,경기,수원시,경기 수원시 장안구 수성로 245번길30
483,nene,경기용인시죽전1호점,경기,용인시,경기 용인시 수지구 푸른솔로 81
484,nene,경기용인시구성점,경기,용인시,경기 용인시 기흥구 마북로 98
485,nene,경기안산시본오1호점,경기,안산시,경기 안산시 상록구 반석로 80
486,nene,경기화성시병점1호점,경기,화성시,경기 화성시 경기대로 1010번길18
487,nene,경기안산시신도시점,경기,안산시,경기 안산시 단원구 광덕로 3로215
488,nene,경기평택시지산점,경기,평택시,경기 평택시 지산로 108-6
489,nene,경기평택시청북점,경기,평택시,경기 평택시 청북면 안청로 1길12
490,nene,경기안산시와동점,경기,안산시,경기 안산시 단원구 선부로 244
491,nene,경기오산시원동갈곶점,경기,오산시,경기 오산시 밀머리로 29
492,nene,경기용인시상현점,경기,용인시,경기 용인시 수지구 만현로 100
493,nene,경기용인시수지2지구점,경기,용인시,경기 용인시 수지구 정평로 40-3
494,nene,경기용인시풍덕천점,경기,용인시,경기 용인시 수지구 풍덕천로 172번길3-15
495,nene,경기화성시남양점,경기,화성시,경기 화성시 남양시장로 60
496,nene,경기화성시향남2지구점,기,화성시,기 화성시 향남읍 한절이 2길14
497,nene,경기수원시세류2호점,경기,수원시,경기 수원시 권선구 덕영대로 1152번길38
498,nene,경기용인시서천점,경기,용인시,경기 용인시 기흥구 서천서로 12번길4-10
499,nene,경기안산시선부1동점,경기,안산시,경기 안산시 단원구 선부광장서로 1길5바동108호
500,nene,경기군포시산본역점(B),기,군포시,기 군포시 쟁골 2길16
501,nene,경기용인시보라점,경기,용인시,경기 용인시 기흥구 한보라로 2로14번길7-19
502,nene,경기화성시동탄1호점,경기,화성시,경기 화성시 동탄반송3길 36-1
503,nene,경기화성시동탄2호점,경기,화성시,경기 화성시 동탄반석로 39
504,nene,경기수원시곡반정점,경기,수원시,경기 수원시 권선구 곡선로 50번길22-10
505,nene,경기용인시백암점,경기,용인시,경기 용인시 백암로 201번길13-4
506,nene,경기수원시정자1동점,경기,수원시,경기 수원시 장안구 대평로 162번길50
507,nene,경기수원시조원점,경기,수원시,경기 수원시 장안구 조원로 107
508,nene,경기수원시율천점,경기,수원시,경기 수원시 장안구 율전로 80번길5
509,nene,경기용인시양지점,경기,용인시,경기 용인시 처인구 양지면 남곡로 35
510,nene,경기화성시팔탄점,기,화성시,기 화성시 팔탄면 구장 7
511,nene,경기수원시신매탄점,경기,수원시,경기 수원시 영통구 매탄로 140번길54-2
512,nene,경기용인시둔전점(B),경기,용인시,경기 용인시 처인구 포곡읍 포곡로 124번길9
513,nene,경기안산시일동점,경기,안산시,경기 안산시 상록구 식물원로 4길7
514,nene,경기용인시죽전2호점,경기,용인시,경기 용인시 수지구 죽전로 255
515,nene,경기화성시와우리점(B),경기,화성시,경기 화성시 봉담읍 와우로 119번길36-5
516,nene,경기평택시세교점,기,평택시,기 평택시 세교상가 5길22
517,nene,경기안산시신길지구점,경기,안산시,경기 안산시 단원구 도일로 24
518,nene,경기화성시봉담점,기,화성시,기 화성시 봉담읍 오래 2길5102호
519,nene,경기용인시강남대점,경기,용인,경기 용인 기흥구 강남동로 114번길22
520,nene,경기수원시권선점(B),경기,수원시,경기 수원시 권선구 권중로 50번길26-3
521,nene,경기용인시흥덕지구점(B),경기,용인시,경기 용인시 기흥구 흥덕로 1로50
522,nene,경기수원시화서점,경기,수원시,경기 수원시 팔달구 팔달로 119번길34-1
523,nene,경기용인시신봉점,경기,용인시,경기 용인시 수지구 신봉로 1로48번길11뉴골드프라자114호
524,nene,경기평택시소사벌점,경기,평택시,경기 평택시 비전6길 28-5
525,nene,경기수원시연무점(B),경기,수원시,경기 수원시 장안구 연무로 33
526,nene,경기안산시본오2호점,경기,안산시,경기 안산시 상록구 본원로 2길3
527,nene,경기화성시동탄역점,경기,화성시,경기 화성시 동탄대로 21가길4-31
528,nene,경기수원시화서꽃뫼점(B),경기,수원시,경기 수원시 팔달구 일월로 18번길4-13
529,nene,경기수원시고색오목점,경기,수원시,경기 수원시 권선구 고산로 27번길43
530,nene,경기용인시동백지구점,경기,용인시,경기 용인시 기흥구 평촌2로 2로1번길9-1
531,nene,경기수원시인계중앙점,경기,수원시,경기 수원시 팔달구 권광로 243
532,nene,경기수원시호매실점,경기,수원시,경기 수원시 권선구 매실로 34
533,nene,경기수원시신영통점,경기,수원시,경기 수원시 영통구 태장로 7번길6
534,nene,경기평택시용이지구점,경기,평택시,경기 평택시 현신로 212
535,nene,경기수원시매교세류점(B),경기,수원시,경기 수원시 권선구 효원로 94번길1
536,nene,경기안산시선부1점,경기,안산시,경기 안산시 단원구 화정천서로 3길8-1
537,nene,경기안산시중앙점(B),경기,안산시,경기 안산시 단원구 예술대학로 147
538,nene,경기수원시매탄권선점,경기,수원시,경기 수원시 영통구 권선로 811
539,nene,경기수원시구운탑동점,경기,수원시,경기 수원시 권선구 구운로 57번길3
540,nene,경기평택시비전1호점,경기,평택시,경기 평택시 중앙로 213
541,nene,경기수원시인계점,경기,수원시,경기 수원시 팔달구 장다리로 174번길16-1
542,nene,경기수원시광교1호점,경기,수원시,경기 수원시 영통구 법조로 149번길171
543,nene,경기평택시안중현화점(B),경기,평택시,경기 평택시 안중읍 안현로서6길 68
544,nene,경기화성시조암점(B),경기도,화성시,경기도 화성시 우정읍 조암북로 68번길12-2상가오른쪽2칸
545,nene,경기수원시매탄원천점(B),경기,수원시,경기 수원시 영통구 매영로 47
546,nene,경기평택시이충장당점,경기,평택시,경기 평택시 이충로 36번길70-9
547,nene,경기안산시사동점,경기,안산시,경기 안산시 상록구 감골2로 2로47
548,nene,경기화성시동탄청계점,경기,화성시,경기 화성시 동탄치 동천로 3길 328-1
549,nene,경기화성시동탄3호점,경기,화성시,경기 화성시 여울로 21
550,nene,경기안산시원곡점,경기,안산시,경기 안산시 단원구 원선로 55
551,nene,충남천안시두정1점,남,천안시,남 천안시 서북구 부성 1길40-6
552,nene,충남당진군합덕점,남,당진시,남 당진시 합덕읍 중동 1길40
553,nene,충남천안시신방1점,남,천안시,남 천안시 동남구 새말 4길5
554,nene,충남홍성군홍성점,충남,홍성군,충남 홍성군 홍성읍 문화로 110
555,nene,충남천안시직산점,남,천안시,남 천안시 서북구 직산읍 아랫말 2길9
556,nene,충남천안시구성점,남,천안시,남 천안시 동남구 삼룡천 2길9
557,nene,충남계룡시계룡점,충남,계룡시,충남 계룡시 엄사면 번영로 74
558,nene,충남아산시배방점,충남,아산시,충남 아산시 배방읍 배방로 173번길14-7
559,nene,충남아산시용화점,충남,아산시,충남 아산시 시민로 258번길3-5
560,nene,충남연기군조치원점,종시,조치원읍,종시 조치원읍 신흥샛터 41
561,nene,충남아산시신창점,충남,아산시,충남 아산시 서부북로 953
562,nene,충남천안시병천북면점,충남,천안시,충남 천안시 동남구 충절로 1456
563,nene,충남태안군태안1점,남,태안군,남 태안군 태안읍 군청 10길12
564,nene,충남천안시신부점,남,천안시,남 천안시 동남구 천안천 8길53-1
565,nene,충남아산시장존점,충남,아산시,충남 아산시 외암로 1245
566,nene,충남천안시입장점,충남,천안시,충남 천안시 서북구 입장면 입장로 135
567,nene,충남예산군예산점,충남,예산군,충남 예산군 예산읍 역전로 113
568,nene,충남천안시안서점,남,천안시,남 천안시 동남구 중암샛 13
569,nene,충남당진시당진2점,충남,당진시,충남 당진시 원당로 45
570,nene,충남서천군서면점,남,서천군,남 서천군 서면 공암남촌 169
571,nene,충남홍성군내포신도시점,충남,홍성군,충남 홍성군 홍북면 의향로 36
572,nene,충남논산시논산항공학교,충청남도,논산시,충청남도 논산시 노성면 송당리 36
573,nene,충남당진시석문점,충남,당진시,충남 당진시 석문면 대호만로 1748
574,nene,충남당진시송악점,남,당진시,남 당진시 송악읍 도고머리 12
575,nene,충남서천군서천점(B),충남,서천군,충남 서천군 서천읍 서천로 94
576,nene,충남예산군삽교점,충남,예산군,충남 예산군 삽교로 76
577,nene,충남보령시대천해수욕장점,충남,보령시,충남 보령시 해수욕장10길 6
578,nene,충남아산시음봉점,충남,아산시,충남 아산시 음봉면 음봉로 841
579,nene,충남천안시불당점,남,천안시,남 천안시 서북구 불당 7길33
580,nene,충남서산시읍내점,충남,서산시,충남 서산시 부춘로 1로24-5
581,nene,충남천안시쌍봉점,남,천안시,남 천안시 서북구 봉서 5길17
582,nene,충남서산시성연점,충남,서산시,충남 서산시 성연면 성연3로 3로35
583,nene,충남보령시무창포해수욕장점,충남,보령시,충남 보령시 웅천읍 열린바다로 342
584,nene,충남서산시동문점,충남,서산시,충남 서산시 율지8로 8로52
585,nene,충남논산시논산1점(B),충남,논산시,충남 논산시 시민로 258번길7
586,nene,세종시한솔동세종첫마을점,세종시,누리로,세종시 누리로 119상가동지하1층B101호
587,nene,충남아산시영인점,충남,아산시,충남 아산시 영인면 영인로 84-1
588,nene,충남천안시두정대아점,남,천안시,남 천안시 서북구 두정중 11길22
589,nene,세종시아름동아름점,세종,보듬로,세종 보듬로 3로95
590,nene,충남당진군당진점,남,당진시,남 당진시 교동 2로59-12
591,nene,충남태안군안면점,충남,태안군,충남 태안군 안면읍 장터로 99-3
592,nene,세종시대평동보람점,세종특별자치시,시청대로,세종특별자치시 시청대로 20
593,nene,충남아산시장재점,충남,아산시,충남 아산시 배방읍 새아산로 20-8
594,nene,충남천안시성환점,남,천안시,남 천안시 서북구 성환읍 신선동 20
595,nene,충남천안시신방통정점,충남,천안시,충남 천안시 동남구 풍세로 809
596,nene,충남공주시중동점(B),충남,공주시,충남 공주시 웅진로 153
597,nene,충남아산시온천점,충남,아산시,충남 아산시 문화로 147
598,nene,충남금산군금산점(B),충남,금산군,충남 금산군 금산읍 금산로 1491
599,nene,충남공주시신관점,충남,공주시,충남 공주시 번영로 1로97-12
600,nene,충남천안시신방초원점,충남,천안시,충남 천안시 동남구 수곡로 22
601,nene,충남천안시쌍용1점,남,천안시,남 천안시 서북구 쌍용 9길10-1
602,nene,충남논산시연무점,충남,논산시,충남 논산시 연무읍 연무로 183
603,nene,충북충주시한국교통대점,충북,충주시,충북 충주시 대소원면 대학로 28
604,nene,충북단양군단양점,충북,단양군,충북 단양군 단양읍 삼봉로 278-1
605,nene,충북음성군음성점,충북,음성군,충북 음성군 음성읍 시장로 78
606,nene,충북충주시수안보점,북,충주시,북 충주시 수안보면 온천중앙 32
607,nene,경기안성시안성1점(B),경기,안성시,경기 안성시 안성맞춤대로 1104
608,nene,충북단양군매포읍점,충북,단양군,충북 단양군 매포읍 단양로 1922
609,nene,충북충주시칠금점,충북,충주시,충북 충주시 칠금중앙2길 20
610,nene,충북괴산군괴산점,충북,괴산군,충북 괴산군 괴산읍 읍내로 13길17
611,nene,충북음성군생극점,충북,음성군,충북 음성군 생극면 음성로 1639-1
612,nene,충북제천시제천1점,충북,제천시,충북 제천시 숭문로 100
613,nene,충북음성군맹동점,충북,음성군,충북 음성군 맹동면 덕금로 409번길4
614,nene,충북충주시신니면점,충북,충주시,충북 충주시 신니면 덕고개로 4
615,nene,경기안성시일죽점,경기,안성시,경기 안성시 일죽면 금일로 476-1
616,nene,충북제천시신백점,충북,제천시,충북 제천시 신백로 14길12
617,nene,충북음성군대소점,충북,음성군,충북 음성군 대소면 오태로 137번길23
618,nene,충북진천군광혜원점(B),충북,진천군,충북 진천군 광혜원면 화랑1길 7
619,nene,충북진천군덕산점(B),북,진천군,북 진천군 덕산면 용몽 2길17-5
620,nene,충북음성군맹동혁신도시점,충북,음성군,충북 음성군 대하로 2길9
621,nene,충북음성군삼성점(B),충북,음성군,충북 음성군 삼성면 덕정로 48
622,nene,충북음성군금왕점(B),충북,음성군,충북 음성군 금왕읍 무극로 324번길19
623,nene,충북충주시충주1점,북,충주시,북 충주시 금제 6길1
624,nene,경기안성시공도2점,경기,안성시,경기 안성시 공도읍 공도3로 3로34-1
625,nene,충북충주시충주2점,충북,충주시,충북 충주시 형설로 110-1
626,nene,경기안성시죽산점,기,안성시,기 안성시 죽산면 중부 39
627,nene,충북충주시건대점,북,충주시,북 충주시 충열 4길6
628,nene,충북충주시충주3점,충북,충주시,충북 충주시 중원대로 3393
629,nene,충북제천시강제점,충북,제천시,충북 제천시 청풍호로 10안길9
630,nene,충북진천군진천점,충북,진천군,충북 진천군 진천읍 중앙서로 90
631,nene,경기안성시동아방송대점,기,안성시,기 안성시 삼죽면 동아예대 61-3
632,nene,충북제천시청전점,충북,제천시,충북 제천시 의림대로 31길 3122
633,nene,충북음성군감곡점(B),충북,음성군,충북 음성군 감곡면 장감로 124
634,nene,충북충주시목행동량점,북,충주시,북 충주시 행정 9길32
635,nene,경기안성시홍익점,기,안성시,기 안성시 금광면 신양복 1
636,nene,충북증평군증평점,충북,증평군,충북 증평군 증평읍 충청대로 1758
637,nene,충북청주시가경1점,충북,청주시,충북 청주시 흥덕구 풍년로 111번길22-5
638,nene,충북청주시하복대점,충북,청주시,충북 청주시 흥덕구 진재로 27번길36-6
639,nene,충북청주시사직점,충북,청주시,충북 청주시 서원구 호국로 16
640,nene,대전유성구원내점,대전,유성구,대전 유성구 진잠로 78번길56
641,nene,대전서구만년점,대전,서구,대전 서구 만년남로 11번길13
642,nene,대전유성구노은점,대전,유성구,대전 유성구 반석로 12번길25
643,nene,충북청주시강내점,북,청주시,북 청주시 흥덕구 강내면 월곡 16
644,nene,대전서구가장내동점,대전,서구,대전 서구 도솔로 253번길33
645,nene,대전유성구봉명구암점,대전,유성구,대전 유성구 대학로 34
646,nene,충북청주시율량점,충북,청주시,충북 청주시 청원구 공항로 112번길34
647,nene,충북옥천군옥천점,충북,옥천군,충북 옥천군 옥천읍 성신로 48
648,nene,대전동구가양비래점,대전,동구,대전 동구 우암로 331
649,nene,대전서구갈마점,대전,서구,대전 서구 계룡로 500번길86
650,nene,대전동구우송대점,대전,동구,대전 동구 동대전로 213
651,nene,대전유성구송강봉산점,대전,유성구,대전 유성구 봉산로 32
652,nene,대전중구중촌목동점,대전,중구,대전 중구 목동로 8번길77
653,nene,충북청주시내수점,북,청주시,북 청주시 청원구 내수읍 은곡묵방 52-10
654,nene,대전중구부사점,대전,중구,대전 중구 보문로 92
655,nene,충북청주시분평점(B),충북,청주시,충북 청주시 서원구 1순환로 1순환로1109
656,nene,충북청주시강서가경2점(B),충북,청주시,충북 청주시 흥덕구 서현중로 16
657,nene,충북청주시용담광장점,충북,청주시,충북 청주시 상당구 산성로 112번길18
658,nene,대전서구월평점,대전,서구,대전 서구 월평중로 24번길30
659,nene,충북청주시산남3지구성화점,충북,청주시,충북 청주시 서원구 원흥로 14
660,nene,대전서구도안신도시점,대전,서구,대전 서구 도안북로 118번길81
661,nene,충북청주시용암2점(B),충북,청주시,충북 청주시 상당구 중고개로 240번길3
662,nene,대전중구문화점,대전,중구,대전 중구 보문산로 173
663,nene,충북청주시오창점,충북,청주시,충북 청주시 청원구 오창읍 연구단지로 21
664,nene,충북청주시산남점,충북,청주시,충북 청주시 서원구 수곡로 57번길17
665,nene,대전서구행복점,대전,서구,대전 서구 정림서로 162-18
666,nene,대전대덕구송촌점(B),대전,대덕구,대전 대덕구 송촌북로 4번길41
667,nene,충북청주시청대점,충북,청주시,충북 청주시 청원구 상당로 232번길32
668,nene,대전중구태평점,대전,중구,대전 중구 태평로 118-1
669,nene,대전동구용운판암점,대전,동구,대전 동구 동부로 73번길135
670,nene,대전유성구궁동어은점(B),대전,유성구,대전 유성구 농대로 8
671,nene,충북보은군보은점,충북,보은군,충북 보은군 보은읍 삼산로 33
672,nene,충북청주시봉명점,충북,청주시,충북 청주시 흥덕구 백봉로 172
673,nene,충북영동군영동점,충북,영동군,충북 영동군 영동읍 학산영동로 1143
674,nene,대전대덕구신탄진점,대전,대덕구,대전 대덕구 신탄진동로 1
675,nene,대전유성구학하덕명점,대전,유성구,대전 유성구 학하남로 3
676,nene,대전서구탄방점,대전,서구,대전 서구 문정로 2번길51
677,nene,대전동구한남대막시무스점,대전,대덕구,대전 대덕구 한남로 85
678,nene,충북청주시개신점,충북,청주시,충북 청주시 서원구 신율로 61
679,nene,대전유성구전민점,대전,유성구,대전 유성구 전민로 6번길27
680,nene,대전대덕구법동점,대전,대덕구,대전 대덕구 계족로 608번길16
681,nene,대전동구가오점,대전,동구,대전 동구 은어송로 116
682,nene,충북청주시사천점,충북,청주시,충북 청주시 청원구 새터로 187
683,nene,충북청주시오송점,북,청주시,북 청주시 흥덕구 오송읍 연제 7
684,nene,충북청주시용암점,충북,청주시,충북 청주시 상당구 낙영로 147
685,nene,대전서구도마점,전,서구,전 서구 사마 1길28
686,nene,대구달성군화원점,대구,달성군,대구 달성군 화원읍 화암로 65
687,nene,대구북구칠곡1점,대구,북구,대구 북구 대천로 17길14
688,nene,경북영주시영주2점,경북,영주시,경북 영주시 구성로 389로얄상가111호
689,nene,대구달서구상인점,대구,달서구,대구 달서구 상인로 47
690,nene,경북구미시공단비산점,경상북도,구미시,경상북도 구미시 비산로5길 528
691,nene,경북칠곡군중리점,북,칠곡군,북 칠곡군 석적읍 장곡 123
692,nene,경북안동시안동점,경북,안동시,경북 안동시 서동문로 86
693,nene,대구수성구범어점,대구,수성구,대구 수성구 범어로 20길13
694,nene,경북칠곡군오태북삼점,경북,칠곡군,경북 칠곡군 북삼읍 금오대로 10길19
695,nene,경북영주시풍기점,경북,영주시,경북 영주시 풍기읍 동성로 68
696,nene,경북구미시상모사곡점,경북,구미시,경북 구미시 상사서로 12길3104호
697,nene,경북구미시봉곡도량점,경북,구미시,경북 구미시 도봉로 3길3-3
698,nene,대구달서구용산1점,대구,달서구,대구 달서구 와룡로 51길65
699,nene,대구수성구시지1점,대구,수성구,대구 수성구 달구벌대로 627길22-25
700,nene,대구달서구신월배점,대구,달서구,대구 달서구 조암남로 27길30
701,nene,대구동구효목점,대구,동구,대구 동구 효목로 111
702,nene,경북경산시영대점,경북,경산시,경북 경산시 대학로 61길6-5
703,nene,대구달서구두류광장점,대구,달서구,대구 달서구 야외음악당로 39안길48
704,nene,경북안동시옥동송현점,경북,안동시,경북 안동시 광명로 126
705,nene,경북경산시계양사동점,경북,경산시,경북 경산시 계양로 8길381층
706,nene,경북경산시진량점,북,경산시,북 경산시 진량읍 영청 15
707,nene,경북상주시함창점,북,상주시,북 상주시 함창읍 함창시장 2길2
708,nene,대구남구봉덕점,대구,남구,대구 남구 봉덕로 11길25
709,nene,경북청도군청도점,경북,청도군,경북 청도군 청도읍 청화로 150-1
710,nene,경북안동시용상점,경북,안동시,경북 안동시 경동로 889
711,nene,경북김천시아포점,북,김천시,북 김천시 아포읍 한지 2길64-14
712,nene,대구북구태전점(B),대구,북구,대구 북구 구암로 16길7
713,nene,경북구미시선산점,경북,구미시,경북 구미시 선산읍 남문로 3길17
714,nene,경북영주시휴천점,경북,영주시,경북 영주시 대학로 36
715,nene,대구수성구시지사월점,대구,수성구,대구 수성구 달구벌대로 669길20
716,nene,대구달서구대곡진천점(B),대구,달서구,대구 달서구 한실로 117
717,nene,대구북구고성동점,대구,북구,대구 북구 옥산로 9
718,nene,경북김천시김천1점,경북,김천시,경북 김천시 김천로 24-1
719,nene,대구동구율하점,대구,동구,대구 동구 율하동로 8길25
720,nene,대구동구신천동점,대구,동구,대구 동구 국채보상로 861
721,nene,대구달서구성당점(B),대구,달서구,대구 달서구 감삼남길  861
722,nene,경북구미시송정원평점,경북,구미시,경북 구미시 금오산로 22길15-14
723,nene,대구남구대명2점,구,남구,구 남구 성당시장 59
724,nene,경북상주시상주2호점,경북,상주시,경북 상주시 동수4길 33
725,nene,대구달서구대곡역점,대구,달서구,대구 달서구 비슬로 538길22
726,nene,대구달성군서재점,대구,달성군,대구 달성군 다사읍 서재로 99-1
727,nene,대구달서구신당점,대구,달서구,대구 달서구 신당로 24
728,nene,경북고령군고령점,북,고령군,북 고령군 고령읍 시장 1길11
729,nene,대구동구동호점,대구,동구,대구 동구 동호로 40
730,nene,대구북구관음읍내동점,대구,북구,대구 북구 칠곡중앙대로 95길11
731,nene,대구달성군논공점,대구,달성군,대구 달성군 논공읍 논공중앙로 118
732,nene,경북김천시덕곡율곡점,경북,김천시,경북 김천시 영남대로 2040-6101호
733,nene,대구달성군현풍점,대구,달성군,대구 달성군 현풍면 테크노중앙대로 325-49
734,nene,경북김천시신음삼락점,경북,김천시,경북 김천시 시청로 40112호
735,nene,경북예천군예천점,경북,예천군,경북 예천군 예천읍 중앙로 24-1
736,nene,대구달성군구지점,구,달성군,구 달성군 구지면 창리중앙 97
737,nene,대구달성군다사점,대구,달성군,대구 달성군 다사읍 대실역북로 55
738,nene,대구동구신암동점,대구,동구,대구 동구 신암로 132
739,nene,경북구미시임수황상점,북,구미시,북 구미시 인동북 25
740,nene,경북구미시원호도량1동점,경북,구미시,경북 구미시 고아읍 문장로 22길20103호
741,nene,경북의성군의성점,경북,의성군,경북 의성군 의성읍 동서1길 72
742,nene,대구달서구장기점,대구,달서구,대구 달서구 구마로 12길14
743,nene,대구동구불로봉무점,구,동구,구 동구 팔공로 51길23
744,nene,대구북구만평점,대구,서구,대구 서구 서대구로 62길51
745,nene,대구달서구성서점,대구,달서구,대구 달서구 선원로 37길16
746,nene,대구수성구지산점,대구,수성구,대구 수성구 용학로 35길35
747,nene,대구달서구송현점,대구,달서구,대구 달서구 월배로 74길39
748,nene,대구북구사수금호점,대구,북구,대구 북구 한강로 17
749,nene,경북경산시옥산정평점,경북,경산시,경북 경산시 대학로 16길31
750,nene,경북구미시옥계점,경북,구미시,경북 구미시 산호대로 25길26-3
751,nene,경북구미시형곡점,경북,구미시,경북 구미시 형곡로 90
752,nene,대구북구칠성점,대구,북구,대구 북구 칠성로 88
753,nene,대구서구평리점,대구,서구,대구 서구 국채보상로 192
754,nene,대구중구동성로점,대구,중구,대구 중구 공평로 97-1
755,nene,대구달서구이월드점,대구,달서구,대구 달서구 두류공원로 200
756,nene,대구북구복현검단점,대구,북구,대구 북구 경진로 1길31
757,nene,대구달성군옥포점,대구,달성군,대구 달성군 돌미로2길 21
758,nene,대구수성구수성점(B),대구,수성구,대구 수성구 신천동로 98길24
759,nene,경북칠곡군왜관점,경북,칠곡군,경북 칠곡군 왜관읍 중앙로 2번도로길70-1
760,nene,대구수성구황금점,대구,수성구,대구 수성구 청수로 36길32
761,nene,경북구미시인동점,북,구미시,북 구미시 인동 39길22-65
762,nene,경북봉화군봉화점,경북,봉화군,경북 봉화군 봉화읍 내성로 1길41
763,nene,대구북구동서변점,대구,북구,대구 북구 서변로 26
764,nene,대구수성구범물점,대구,수성구,대구 수성구 지범로 290
765,nene,대구동구방촌점,대구,동구,대구 동구 동촌로 58길21
766,nene,대구서구내당대신동점,대구,서구,대구 서구 달서로 12길28
767,nene,경북경산시하양점,북,경산시,북 경산시 하양읍 하양역 18
768,nene,경북상주시상주1점(B),경북,상주시,경북 상주시 상산로 384냉림2주공아파트상가제4호
769,nene,경북구미시산동확장단지점,경북,구미시,경북 구미시 산동면 신당인덕1로 1로139
770,nene,경북경산시서부백천점,경북,경산시,경북 경산시 경산로 24
771,nene,경북예천군경북도청점,경북,예천군,경북 예천군 호명면 수변로 125서진타워제1층제107호
772,nene,대구남구대명남산점,대구,남구,대구 남구 명덕로 28길12
773,nene,경북울진군북면점,경북,울진군,경북 울진군 북면 울진북로 2120
774,nene,경북포항시대이점,경북,포항시,경북 포항시 남구 대이로 112-3
775,nene,경북경주시황성점,경북,경주시,경북 경주시 황성로 69번길38-6
776,nene,경북포항시연일점,경북,포항시,경북 포항시 남구 연일읍 철강로 159번길25-1
777,nene,경북포항시용흥점,경북,포항시,경북 포항시 북구 새마을로 54-1
778,nene,경북포항시흥해점,경북,포항시,경북 포항시 북구 흥해읍 흥해로 26
779,nene,경북포항시효곡점,북,포항시,북 포항시 남구 효자동 10번길19
780,nene,울산울주군남창점,산,울주군,산 울주군 온양읍 연안 4길18
781,nene,경북포항시달전점,경북,포항시,경북 포항시 북구 흥해읍 도음로 877번길9
782,nene,경북영천시야사점,경북,영천시,경북 영천시 망정로 60
783,nene,경북경주시동천점,경북,경주시,경북 경주시 동천로 30번길14-2
784,nene,울산울주군구영점,산,울주군,산 울주군 범서읍 대리 1길23-6
785,nene,경북포항시청하점,경북,포항시,경북 포항시 북구 청하면 청하로 217번길2
786,nene,경북울진군백암점,경북,울진군,경북 울진군 온정면 소태로 9-29
787,nene,울산중구우정점,울산,중구,울산 중구 유곡로 70
788,nene,경북경주시강동점,경북,경주시,경북 경주시 강동면 동해대로 166-11
789,nene,경북경주시충효점,북,경주시,북 경주시 충효녹지 36-6
790,nene,경북포항시우현점,경북,포항시,경북 포항시 북구 선착로 3-1
791,nene,경북경주시안강점,북,경주시,북 경주시 안강읍 구부랑 42
792,nene,울산남구신정점,울산,남구,울산 남구 월평로 58
793,nene,울산중구병영점,울산,중구,울산 중구 동천4길 15103동104호
794,nene,울산남구옥동점,울산,남구,울산 남구 문수로 423번길4-16
795,nene,경북울진군후포점,북,울진군,북 울진군 후포면 삼율 6길16-14
796,nene,울산남구야음점,울산,남구,울산 남구 수암로 196번길7
797,nene,울산남구무거2호점,울산,남구,울산 남구 삼호로 55번길6
798,nene,울산동구남목점,산,동구,산 동구 미포 4길38
799,nene,울산북구화봉점(B),울산,북구,울산 북구 두부곡14길 15
800,nene,울산북구양정점,울산,북구,울산 북구 염포로 517
801,nene,울산울주군언양점(B),산,울주군,산 울주군 언양읍 동부 8길12
802,nene,울산중구우정혁신점,산,중구,산 중구 종가 2길1-2
803,nene,경북포항시두호점,경북,포항시,경북 포항시 북구 삼호로 245번길10
804,nene,울산남구야음2점,울산,남구,울산 남구 신선로 71-3
805,nene,경북경주시내남점,북,경주시,북 경주시 이조중앙 13-1
806,nene,경북포항시해도점(B),경북,포항시,경북 포항시 남구 해동로 55-1
807,nene,울산동구화정점(B),산,동구,산 동구 월봉 8길41
808,nene,경북울진군울진점,경북,울진군,경북 울진군 울진읍 울진중앙로 56
809,nene,울산북구강동점,울산,북구,울산 북구 산하중앙2로 2로277
810,nene,경북경주시건천점,북,경주시,북 경주시 건천읍 대곡용명 24
811,nene,경북포항시오천점,경북,포항시,경북 포항시 남구 오천읍 문덕로 53
812,nene,울산남구울산대점,울산,남구,울산 남구 대학로 43번길16
813,nene,경북포항시죽도점,경북,포항시,경북 포항시 북구 중흥로 255번길13
814,nene,울산남구달동점,울산,남구,울산 남구 신정로 58번길32
815,nene,경북영덕군영덕점,북,영덕군,북 영덕군 영덕읍 군청 133
816,nene,울산북구아진점,울산,북구,울산 북구 아진로 82
817,nene,경북포항시장성점,경북,포항시,경북 포항시 북구 법원로 8번길16
818,nene,울산중구다운점,울산,중구,울산 중구 다운로 75
819,nene,경북경주시외동점,경북,경주시,경북 경주시 입실로 1길58
820,nene,경북포항시남부점,경북,포항시,경북 포항시 남구 상도로 56
821,nene,울산동구방어점,산,동구,산 동구 화잠 2길4
822,nene,경북영덕군영해점,북,영덕군,북 영덕군 영해면 예주시장 16-1
823,nene,울산중구약사점,산,중구,산 중구 구교 10길51
824,nene,경북경주시금장점,경북,경주시,경북 경주시 현곡면 안현로 68-3
825,nene,경북경주시성건점,경북,경주시,경북 경주시 금성로 396번길5
826,nene,울산중구반구점,울산,중구,울산 중구 염포로 78
827,nene,경북울진군죽변점,경북,울진군,경북 울진군 죽변면 죽변북로 60
828,nene,경북포항시양덕점,경북,포항시,경북 포항시 북구 양덕로 44번길32
829,nene,울산동구전하점,산,동구,산 동구 진성 13길92
830,nene,울산남구삼산점,산,남구,산 남구 왕생로86번 86번길8
831,nene,울산북구호계점,산,북구,산 북구 동대 8길12
832,nene,부산부산진구양정점,부산,부산진구,부산 부산진구 범양로 43
833,nene,부산북구금곡점,부산,북구,부산 북구 효열로 275번길49
834,nene,부산부산진구당감부암1점,부산,부산진구,부산 부산진구 백양순환로 28번길50
835,nene,부산기장군기장점,부산,기장군,부산 기장군 기장읍 차성로 436번길6-2101호
836,nene,부산금정구서동점,부산,금정구,부산 금정구 서동로 93-1
837,nene,부산금정구남산점,부산,금정구,부산 금정구 중앙대로 2007번길39
838,nene,부산북구화명2점,부산,북구,부산 북구 학사로 17번나길7
839,nene,부산부산진구신개금점,부산,부산진구,부산 부산진구 개금본동로 23번길22
840,nene,부산동래구사직1점,부산,동래구,부산 동래구 사직북로 57번길53
841,nene,부산사하구다대1점,부산,사하구,부산 사하구 윤공단로 17번길103
842,nene,부산사상구학장엄궁점,부산,사상구,부산 사상구 학감대로 123번길75
843,nene,부산금정구부산대점,부산,금정구,부산 금정구 금강로 327
844,nene,부산해운대구반송1점,부산,해운대구,부산 해운대구 윗반송로 51번길27
845,nene,부산금정구부곡1점,부산,금정구,부산 금정구 중앙대로 1766번길16-1
846,nene,부산사하구하단점(B),부산,사하구,부산 사하구 낙동대로 542
847,nene,부산수영구광안1점,부산,수영구,부산 수영구 광안로 49번길73
848,nene,부산사하구구평감천점,산,사하구,산 사하구 서포로30번 30번길3강만빌딩1층1호
849,nene,부산사하구다대2점,부산,사하구,부산 사하구 다대로 339
850,nene,부산남구문현점,부산,남구,부산 남구 고동골로 22
851,nene,부산연제구시청점,부산,연제구,부산 연제구 중앙대로 1038번길64상가101호
852,nene,부산부산진구가야당감점,부산,부산진구,부산 부산진구 가야대로 321
853,nene,부산서구대신점,부산,서구,부산 서구 망양로 28
854,nene,부산영도구청학점,부산,영도구,부산 영도구 태종로 358번길3
855,nene,부산동래구명장점,부산,동래구,부산 동래구 명안로 86번길30
856,nene,부산해운대구반여2점,부산,해운대구,부산 해운대구 선수촌로 153
857,nene,부산해운대구송정점,부산,해운대구,부산 해운대구 송정해변로 8-14
858,nene,부산사상구주례점,부산,사상구,부산 사상구 주례로 25
859,nene,부산중구중부산점,부산,중구,부산 중구 대청로 25번길4
860,nene,부산동구초량점,부산,동구,부산 동구 초량북로 1
861,nene,부산영도구남항점,부산,영도구,부산 영도구 남항로 24-2
862,nene,부산남구대연점,부산,남구,부산 남구 유엔로 183번길35
863,nene,부산남구감만점,부산,남구,부산 남구 석포로 51
864,nene,부산강서구명지국제신도시점,부산,강서구,부산 강서구 명지국제8로 234 51
865,nene,부산동래구온천3동점,부산,동래구,부산 동래구 충렬대로 126번길19
866,nene,부산해운대구우1점,부산,해운대구,부산 해운대구 해운대해변로 141
867,nene,부산북구구포1점,부산,북구,부산 북구 시랑로 32
868,nene,부산해운대구해운대행복점,부산,해운대구,부산 해운대구 좌동순환로 99번길22
869,nene,부산해운대구재송반여점,부산,해운대구,부산 해운대구 재송2로 2로28번길6
870,nene,부산해운대구센텀점,부산,해운대구,부산 해운대구 재반로 29
871,nene,부산해운대구벡스코점,부산,해운대구,부산 해운대구 해운대로 383번길25
872,nene,부산사하구괴정1점,부산,사하구,부산 사하구 장평로 235-1
873,nene,부산사상구모라1점,부산,사상구,부산 사상구 백양대로 960-1
874,nene,부산기장군정관점,부산,기장군,부산 기장군 정관면 구연로 42
875,nene,부산동래구온천점,부산,동래구,부산 동래구 차밭골로 27
876,nene,부산동래구안락1점,부산,동래구,부산 동래구 연안로 51번길81-3
877,nene,부산연제구거제점,부산,연제구,부산 연제구 월드컵대로 187번길23
878,nene,부산남구용호행복점,부산,남구,부산 남구 동명로 158번길104
879,nene,부산동래구수민점,부산,동래구,부산 동래구 명륜로 75번길31
880,nene,부산영도구동삼점,부산,영도구,부산 영도구 동삼로 59번길15
881,nene,부산부산진구범천점,부산,부산진구,부산 부산진구 신암로 66판매시설동106호
882,nene,부산남구대연못골점,부산,남구,부산 남구 진남로 36번길58
883,nene,부산부산진구전포점,부산,부산진구,부산 부산진구 동성로 51
884,nene,부산남구용호점,부산,남구,부산 남구 용호로 42번길14
885,nene,부산강서구명지오션시티점,부산,강서구,부산 강서구 명지오션시티로 9로58
886,nene,부산서구부민충무점,부산,서구,부산 서구 구덕로 124번길3
887,nene,부산강서구강서구청점,부산,강서구,부산 강서구 대저로 274번길35
888,nene,부산해운대구해운대중동점,부산,해운대구,부산 해운대구 좌동순환로 468번가길20
889,nene,부산금정구구서1점,부산,금정구,부산 금정구 금강로 520
890,nene,부산해운대구해운대신도시1호점,산,해운대구,산 해운대구 달맞이 774번길30
891,nene,부산연제구연산토곡점,부산,연제구,부산 연제구 과정로 132번길32
892,nene,부산사상구괘법감전점(B),부산,사상구,부산 사상구 운산로 72
893,nene,부산사하구당리점,부산,사하구,부산 사하구 제석로 114번길8
894,nene,부산동구범일점,부산,동구,부산 동구 자성로 116번길2
895,nene,부산부산진구가야개금1점,부산,부산진구,부산 부산진구 냉정로 262-1
896,nene,부산연제구연산로타리점,부산,연제구,부산 연제구 거제천로 230번길25
897,nene,부산북구만덕점,부산,북구,부산 북구 덕천로 280
898,nene,부산수영구망미점,부산,수영구,부산 수영구 연수로 302번길4
899,nene,부산사하구괴정행복점,부산,사하구,부산 사하구 사리로 4
900,nene,부산사하구신평점,산,사하구,산 사하구 다대로142번 142번길16
901,nene,경남통영시북신점,남,통영시,남 통영시 북신동 해미당 15-8
902,nene,경남진주시신안점,경남,진주시,경남 진주시 진양호로 311-1
903,nene,경남거제시장승포점,경남,거제시,경남 거제시 장승포로 16
904,nene,경남거제시중곡점,경남,거제시,경남 거제시 중곡로 47
905,nene,경남창원시월영점,경남,창원시,경남 창원시 마산합포구 월영북로 21
906,nene,경남양산시북정점,경남,양산시,경남 양산시 북정중앙로 14
907,nene,경남산청군덕산점,경남,산청군,경남 산청군 시천면 남명로 203-3
908,nene,경남사천시삼천포점,경남,사천시,경남 사천시 벌리로 17
909,nene,경남진주시중앙상봉점,경남,진주시,경남 진주시 진주성로 87
910,nene,경남진주시상대점,경남,진주시,경남 진주시 돗골로 117번길4
911,nene,경남김해시한림점,경남,김해시,경남 김해시 한림면 한림로 422번길4-2
912,nene,경남창원시상남점,경남,창원시,경남 창원시 성산구 토월로 80
913,nene,경남김해시삼계점,경남,김해시,경남 김해시 가야로 157번길17-18
914,nene,경남함양군함양점,경남,함양군,경남 함양군 함양읍 용평3길 25-1
915,nene,경남창원시내서삼계점,남,창원시,남 창원시 마산회원구 내서읍 삼계숲 27
916,nene,경남양산시덕계1호점,경남,양산시,경남 양산시 평산남4길 8
917,nene,경남김해시외동점,경남,김해시,경남 김해시 함박로 51
918,nene,경남양산시범어점,남,양산시,남 양산시 물금읍 화합 3길6-161층상가
919,nene,경남마산시해운점,남,창원시,남 창원시 마산합포구 월영동 11길42
920,nene,경남거제시옥포점,경남,거제시,경남 거제시 옥포대첩로 7길31
921,nene,경남양산시서창점,남,양산시,남 양산시 삼호동부 7길10
922,nene,경남거제시상동점,경남,거제시,경남 거제시 거제중앙로 1793하람빌딩
923,nene,경남고성군고성점,경남,고성군,경남 고성군 고성읍 성내로 31
924,nene,경남함안군함안점,경남,함안군,경남 함안군 가야읍 함안대로 1510
925,nene,경남창원시봉곡점,경남,창원시,경남 창원시 의창구 봉곡로 56
926,nene,경남김해시율하1점,경남,김해시,경남 김해시 율하로 1로12
927,nene,경남김해시진영점,경남,김해시,경남 김해시 진영읍 장등로 122번길5102호
928,nene,경남하동군하동점,경남,하동군,경남 하동군 하동읍 중앙로 18
929,nene,경남창원시진동점,경남,창원시,경남 창원시 마산합포구 진동면 삼진의거대로 639
930,nene,경남거제시아주점,남,거제시,남 거제시 용소 1길94
931,nene,경남창원시창동점,경남,창원시,경남 창원시 마산합포구 남성로 130-1
932,nene,경남창원시중앙여좌점,경남,창원시,경남 창원시 진해구 편백로 14번길12-1
933,nene,경남함안군군북점,남,함안군,남 함안군 군북면 중암 7길12
934,nene,경남창원시회원점,경남,창원시,경남 창원시 마산회원구 북성로 166
935,nene,경남진주시판문점,경남,진주시,경남 진주시 진양호로 123번길5
936,nene,경남창원시소답점,경남,창원시,경남 창원시 의창구 읍성로 17번길8
937,nene,경남사천시사천점(B),경남,사천시,경남 사천시 사천읍 읍내로 40-6
938,nene,경남의령군의령점,경남,의령군,경남 의령군 의령읍 의병로 20길25-3
939,nene,경남밀양시삼문점,경남,밀양시,경남 밀양시 미리벌중앙로 85 20길25-3
940,nene,경남함양군서하점,경남,함양군,경남 함양군 서하면 함양남서로 294-1
941,nene,경남창원시북면온천점,경남,창원시,경남 창원시 의창구 북면 천주로 1165번길21
942,nene,경남창원시명곡점,경남,창원시,경남 창원시 의창구 명지로 84번길9
943,nene,경남창녕군남지점,경남,창녕군,경남 창녕군 난지읍 남지중앙2길 69103-1호
944,nene,경남양산시어곡점,경남,양산시,경남 양산시 어실로 155
945,nene,경남거제시거제면점,경남,거제시,경남 거제시 읍내로 45
946,nene,경남창원시석전점,경남,창원시,경남 창원시 마산회원구 석전남8길 59
947,nene,경남합천군합천점,경남,합천군,경남 합천군 합천읍 충효로 98-17
948,nene,경남창원시가음점,경남,창원시,경남 창원시 성산구 가양로 48-1
949,nene,경남창원시풍호점,경남,창원시,경남 창원시 진해구 풍호로 61
950,nene,경남창원시용원점,경남,창원시,경남 창원시 진해구 안골로 348
951,nene,경남진주시도동점,경남,진주시,경남 진주시 대신로 363
952,nene,경남진주시가호점,경남,진주시,경남 진주시 개양로 542번길7
953,nene,경남남해군남해점,경남,남해군,경남 남해군 남해읍 화전로 78번가길23
954,nene,경남진주시망경점,경남,진주시,경남 진주시 진주대로 953번길10
955,nene,경남거제시장평점,경남,거제시,경남 거제시 장평로 2로2길10
956,nene,경남양산시남부점,경남,양산시,경남 양산시 중앙로 42
957,nene,경남창원시양덕1호점,남,창원시,남 창원시 마산회원구 양덕북 10길8
958,nene,경남거창군거창1점,경남,거창군,경남 거창군 거창읍 아림로 127
959,nene,경남창원시팔용점,경남,창원시,경남 창원시 의창구 남산로 1번길52
960,nene,경남창원시대방점,경남,창원시,경남 창원시 성산구 대암로 1161층
961,nene,경남양산시증산1호점,남,양산시,남 양산시 물금읍 백호 2길17-10
962,nene,경남창원시사파점,경남,창원시,경남 창원시 성산구 동산로 194
963,nene,경남마산시호계점,경남,창원시,경남 창원시 마산회원구 내서읍 호원로 190
964,nene,경남김해시팔판점,경남,김해시,경남 김해시 팔판로 32
965,nene,경남거제시지세포점,경남,거제시,경남 거제시 일운면 거제대로 2491103호
966,nene,경남밀양시내일점,경남,밀양시,경남 밀양시 약산로 33
967,nene,경남창원시감계점,경남,창원시,경남 창원시 의창구 북면 감계로 297휴먼빌아파
968,nene,경남김해시장유1호점,경남,김해시,경남 김해시 능동로 7번길15
969,nene,경남양산시석산점(B),경남,양산시,경남 양산시 동면 금오12길 4-12
970,nene,경남김해시진례점,경남,김해시,경남 김해시 진례면 송현로 58
971,nene,경남창원시남문점,경남,창원시,경남 창원시 진해구 웅천동로 1번길38-7
972,nene,경남김해시동상점,경남,김해시,경남 김해시 구지로 146
973,nene,경남창원시합성1호점(C),남,창원시,남 창원시 마산회원구 합성옛 273
974,nene,경남진주시문산혁신점,남,진주시,남 진주시 문산읍 소문 21
975,nene,경남창원시도계점,경남,창원시,경남 창원시 의창구 원이대로 69번길301층
976,nene,경남김해시삼방점,경남,김해시,경남 김해시 삼안로 158
977,nene,경남남해군남면점,경남,남해군,경남 남해군 남면 남서대로 798
978,nene,경남통영시봉평미수점,경남,통영시,경남 통영시 서송정1길 32-3
979,nene,경남진해시석동점,경남,창원시,경남 창원시 진해구 진해대로 801번길14
980,nene,경남창원시동읍점,경남,창원시,경남 창원시 의창구 동읍 의창대로 868-1
981,nene,경남창원시반송1호점,경남,창원시,경남 창원시 의창구 외동반림로 206
982,nene,경남진주시금산점,경남,진주시,경남 진주시 금산면 금산로 52번길4
983,nene,경남창원시반지점,경남,창원시,경남 창원시 성산구 반송로 22
984,nene,경남통영시죽림점(B),경남,통영시,경남 통영시 광도면 신죽1길 12
985,nene,전북전주시서신점,전북,전주시,전북 전주시 완산구 서신로 43
986,nene,전북전주시송천점,전북,전주시,전북 전주시 덕진구 천마산로 12
987,nene,전북전주시호성점,전북,전주시,전북 전주시 덕진구 소리로 198
988,nene,전북전주시평화1점,북,전주시,북 전주시 완산구 평화 17길10
989,nene,전북익산시부송점,전북,익산시,전북 익산시 부송로 14길21
990,nene,전북김제시김제점,전북,김제시,전북 김제시 동서로 214
991,nene,전북정읍시시기점,전북,정읍시,전북 정읍시 천변로 350-1
992,nene,전북남원시남원점,전라북도,남원시,전라북도 남원시 동문로 75
993,nene,전북고창군고창점,북,고창군,북 고창군 고창읍 성산 3길3
994,nene,전북군산시옥서점,전북,군산시,전북 군산시 옥서면 옥구저수지로 217
995,nene,전북무주군무주스키점,전북,무주군,전북 무주군 설천면 구천동로 1로6
996,nene,전남광양시중동점,전남,광양시,전남 광양시 광장로 120
997,nene,전남여수시안산점,전남,여수시,전남 여수시 도원로 13
998,nene,전남여수시서교점,남,여수시,남 여수시 서교 3길3-2
999,nene,전남여수시국동점,남,여수시,남 여수시 구봉산 15-2
1000,nene,전남순천시삼산점,전남,순천시,전남 순천시 중앙로 292
1001,nene,전남순천시중앙점,전남,순천시,전남 순천시 장명로 10
1002,nene,전남순천시왕지점,남,순천시,남 순천시 연동남 35
1003,nene,전북정읍시수성점,전북,정읍시,전북 정읍시 수성로 1로55-14
1004,nene,전북익산시신동남중점,전북,익산시,전북 익산시 익산대로 56길7-7
1005,nene,전남순천시금당지구점,남,순천시,남 순천시 해룡면 조례못등 118
1006,nene,전북군산시수송점,전북,군산시,전북 군산시 동수송3길 22
1007,nene,전남구례군구례지리산온천점,남,구례군,남 구례군 산동면 하관 1길26
1008,nene,전남여수시여서점,남,여수시,남 여수시 대치 3길13-1
1009,nene,전북익산시영등점,전북,익산시,전북 익산시 고봉로 254
1010,nene,전북전주시효자점,전북,전주시,전북 전주시 완산구 강변로 120
1011,nene,전북전주시서곡점,전북,전주시,전북 전주시 완산구 서곡1길 5-12
1012,nene,전북완주군삼례우석대점,전북,완주군,전북 완주군 삼례읍 동학로 83
1013,nene,전북무주군무주점,전북,무주군,전북 무주군 무주읍 단천로 84
1014,nene,전북익산시동산점,전북,익산시,전북 익산시 서동로 88
1015,nene,전북완주군봉동3공단점,북,완주군,북 완주군 봉동읍 원둔산 3길13
1016,nene,전남여수시둔덕점,전남,여수시,전남 여수시 쌍봉로 357
1017,nene,전북익산시함열점,전북,익산시,전북 익산시 함열읍 함열중앙로 15
1018,nene,전북군산시중앙점,전북,군산시,전북 군산시 중앙로 94
1019,nene,전북군산시오식도점,전북,군산시,전북 군산시 가도로 177
1020,nene,전북전주시삼천점,전북,전주시,전북 전주시 완산구 거마남로 58
1021,nene,전북전주시아중점,북,전주시,북 전주시 덕진구 동가재미 204
1022,nene,전북군산시군산대점,북,군산시,북 군산시 미제 1길5-4
1023,nene,전남순천시남제점,전남,순천시,전남 순천시 우석로 73-1
1024,nene,전남광양시마동점,전남,광양시,전남 광양시 사동로 81-1
1025,nene,전남여수시무선지구점,남,여수시,남 여수시 무선 3길6
1026,nene,전북전주시동산점,북,전주시,북 전주시 덕진구 쪽구름 5길5
1027,nene,전남여수시신기점,전남,여수시,전남 여수시 새터로 93
1028,nene,전남광양시광양점,남,광양시,남 광양시 광양읍 인서 4길23
1029,nene,전남순천시신대점,전남,해룡면,전남 해룡면 좌야로 101
1030,nene,전북군산시조촌점,전북,군산시,전북 군산시 진포로 169
1031,nene,전북완주군혁신점,전북,완주군,전북 완주군 이서면 안전로 107-3
1032,nene,전남순천시조례점,남,순천시,남 순천시 비봉 86
1033,nene,전북군산시나운2점,북,군산시,북 군산시 나운안 2길11
1034,nene,전북전주시중화산점,북,전주시,북 전주시 완산구 메너머 12
1035,nene,전북익산시모현점,북,익산시,북 익산시 고현로 14길8-1
1036,nene,전북전주시진북인후점,전북,전주시,전북 전주시 덕진구 팔달로 346
1037,nene,전북군산시나운1점,북,군산시,북 군산시 신설 2길6-4
1038,nene,전남여수시엑스포점,전남,여수시,전남 여수시 동문로 101-1
1039,nene,전남여수시웅천점,전라남도,여수시,전라남도 여수시 웅천로 189웅천부영1차상가101호
1040,nene,전북전주시서학중앙점(B),북,전주시,북 전주시 완산구 서학 1길2
1041,nene,전북전주시전주대점,전북,전주시,전북 전주시 효자로 92
1042,nene,전남순천시연향점,전남,순천시,전남 순천시 연향상가3길 16-1
1043,nene,전북전주시덕진전북대점,전라북도,전주시,전라북도 전주시 덕진구 명륜5길 19-6
1044,nene,전북군산시소룡산북점,전북,군산시,전북 군산시 동아로 130
1045,nene,전남광양시광영점,전남,광양시,전남 광양시 금영로 181
1046,nene,전남영광군영광점,전남,영광군,전남 영광군 영광읍 신남로 213-1
1047,nene,전남목포시하당1점,전남,목포시,전남 목포시 백년대로 297번길12-2
1048,nene,광주서구금호점,광주,서구,광주 서구 금화로 73번길16
1049,nene,전남목포시용해점,전남,목포시,전남 목포시 용당로 331번길88
1050,nene,전남목포시연산점,전남,목포시,전남 목포시 원산로 159번길22
1051,nene,전남보성군보성점,전남,보성군,전남 보성군 보성읍 중앙로 46-11
1052,nene,전남목포시하당2점,전남,목포시,전남 목포시 삼향천로 35
1053,nene,광주서구풍암점,광주,서구,광주 서구 풍암신암로 26
1054,nene,전남화순군화순점,전남,화순군,전남 화순군 화순읍 만연로 37
1055,nene,광주광산구첨단1호점,광주,광산구,광주 광산구 산월로 64
1056,nene,광주북구용봉점,광주,북구,광주 북구 설죽로 202번길52
1057,nene,광주북구양산점,광주,북구,광주 북구 양산택지로 79번길15
1058,nene,광주남구진월점,광주,남구,광주 남구 서문대로 663번길16
1059,nene,광주광산구송정1점,주,광산구,주 광산구 남동 30번길48
1060,nene,광주서구화정1점,광주,서구,광주 서구 염화로 57번길20
1061,nene,전남고흥군고흥점,남,고흥군,남 고흥군 고흥읍 봉황 10
1062,nene,광주북구두암1점,광주,북구,광주 북구 삼정로 139
1063,nene,광주서구쌍촌1점,광주,서구,광주 서구 상일로 24번길11
1064,nene,전남해남군해남점,전남,해남군,전남 해남군 해남읍 중앙로 1로167-1
1065,nene,광주남구방림양림점,광주,남구,광주 남구 방림로 2
1066,nene,광주북구중흥점,광주,북구,광주 북구 용봉로 86
1067,nene,전남보성군벌교점,전남,보성군,전남 보성군 벌교읍 채동선로 259-1
1068,nene,광주광산구수완1점,광주,광산구,광주 광산구 장덕로 95번길45
1069,nene,전남완도군완도점,전남,완도군,전남 완도군 완도읍 개포로 177번길12
1070,nene,광주남구월산까치점,광주,남구,광주 남구 독립로 87
1071,nene,전남장흥군장흥점,전남,장흥군,전남 장흥군 장흥읍 북부로 39
1072,nene,전남함평군함평점,남,함평군,남 함평군 함평읍 중앙 172-1
1073,nene,전남목포시석현점(B),전남,목포시,전남 목포시 텃골로 33번길53
1074,nene,전남진도군진도점,남,진도군,남 진도군 진도읍 남문 47
1075,nene,광주남구효천점,광주,남구,광주 남구 효우로 230번길35
1076,nene,광주광산구선운점,광주,광산구,광주 광산구 선운중앙로 43
1077,nene,전남나주시영산포점,남,나주시,남 나주시 남교 1길6-15
1078,nene,전남해남군우수영점,남,해남군,남 해남군 문내면 동영 22-1
1079,nene,광주북구문흥점,광주,북구,광주 북구 면앙로 32번길29
1080,nene,광주남구봉선1점,광주,남구,광주 남구 봉선로 1로66
1081,nene,광주광산구신가점,광주,광산구,광주 광산구 신창로 35번길87
1082,nene,전남무안군남악점,전남,무안군,전남 무안군 삼향읍 남악로 2로74번길42상가106호
1083,nene,전남나주시나주혁신도시점,전남,나주시,전남 나주시 빛가람로 789
1084,nene,광주북구첨단2지구점,광주,북구,광주 북구 임방울대로 1042번길14-20
1085,nene,광주동구산수점,광주,동구,광주 동구 산수길 33 1042번길14-20
1086,nene,전남영암군삼호점,전남,영암군,전남 영암군 삼호읍 대불주거로 1길80
1087,nene,광주광산구산정점,광주,광산구,광주 광산구 하남대로 54번안길104-7
1088,nene,광주서구동천점,광주,서구,광주 서구 동천로 10번길24
1089,nene,전남담양군담양점,전남,담양군,전남 담양군 담양읍 죽향대로 1195
1090,nene,광주서구상무점,광주,서구,광주 서구 상무평화로 102
1091,nene,광주광산구우산소촌점(B),광주,광산구,광주 광산구 무진대로 278-11한국아델리움&||중해마루힐상가109동102호
1092,nene,광주광산구운남점,광주,광산구,광주 광산구 월곡중앙로 30-1
1093,nene,전남고흥군녹동점,전남,고흥군,전남 고흥군 도양읍 비봉로 129-2
1094,nene,광주북구신안점,광주,북구,광주 북구 중가로 41
1095,nene,광주북구동림점,광주,북구,광주 북구 동림용산로 29
1096,nene,광주서구화정힐스테이트점,광주,서구,광주 서구 군분로 179번길8-1
1097,nene,전남목포시삼학점,전남,목포시,전남 목포시 산정로 22번길20
1098,nene,전남강진군강진점(B),전남,강진군,전남 강진군 강진읍 탐진로 60
1099,nene,광주북구일곡점,광주,북구,광주 북구 송해로 34
1100,nene,전남나주시나주점,전남,나주시,전남 나주시 나주로 81
1101,nene,제주제주시노형점,제주,제주시,제주 제주시 원노형로 50
1102,nene,제주제주시외도점,제주,제주시,제주 제주시 우령2길 11
1103,nene,제주제주시화북삼양점,제주,제주시,제주 제주시 진남로 6길9
1104,nene,제주서귀포시서귀포1점,제주,서귀포시,제주 서귀포시 일주동로 8600
1105,nene,제주서귀포시성산점,제주,서귀포시,제주 서귀포시 성산읍 고성동서로 56번길18
1106,nene,제주서귀포시서귀포2호점,제주,서귀포시,제주 서귀포시 장수로 98
1107,nene,제주제주시도남점,주,제주시,주 제주시 독짓골 4길11
1108,nene,제주서귀포시신시가지점,제주,서귀포시,제주 서귀포시 신북로 17
1109,nene,제주서귀포시표선점,제주,서귀포시,제주 서귀포시 표선면 표선동서로 288
1110,nene,제주제주시일도점,제주,제주시,제주 제주시 청귤로 3길51
1111,nene,제주제주시한림점,제주,제주시,제주 제주시 한림읍 한림로 46
1112,nene,제주제주시아라점,제주,제주시,제주 제주시 중앙로 578
1113,nene,제주제주시조천함덕점,주,제주시,주 제주시 조천읍 함덕 20길3
1114,nene,제주서귀포시화순안덕점,제주,서귀포시,제주 서귀포시 안덕면 일주서로 1449
1115,nene,제주제주시용담점,제주,제주시,제주 제주시 용문로 157
1116,nene,제주제주시봉개점,제주,제주시,제주 제주시 번영로 521-1
1117,nene,제주서귀포시중문점,제주,서귀포시,제주 서귀포시 천제연로 191
1118,nene,제주서귀포시남원점,제주,서귀포시,제주 서귀포시 남원읍 남원체육관로  191
1119,nene,제주서귀포시대정점,주,서귀포시,주 서귀포시 대정읍 하모항구로6번 6번길27
1120,nene,제주서귀포시강정해군기지점,제주,서귀포시,제주 서귀포시 강정동 6번길27
1121,nene,제주제주시연동점,주,제주시,주 제주시 연동 82
1122,nene,서울구로구고척스카이돔점,서울,구로구,서울 구로구 경인로 430 82
